Angular Second Moment;Contrast;Correlation;Sum of Squares: Variance;Inverse Difference Moment;Sum Average;Sum Variance;Sum Entropy;Entropy;Difference Variance;Difference Entropy;Information Measure of Correlation 1;Information Measure of Correlation 2;Maximal Correlation Coefficient;Label
0.0023680928369747734;9.979350306930463;0.9878626858822379;411.1144879650019;0.4316812237258349;342.2818126045708;1634.4786015530844;7.095244010470328;9.496905626416574;0.000784361362867818;2.737208510168333;-0.4448096734734713;0.9975578966470902;3.112194186902326;1.0
0.001692537265576783;9.88260379161742;0.991323963469793;570.2710763100531;0.39274599747486744;327.48166521011876;2271.2017014485755;7.362872563677325;9.8050925279866;0.0008365248265112635;2.7566059091887514;-0.46223614583575034;0.9984552738888656;3.279128549364671;1.0
0.00204197821915263;10.810197066827545;0.9936418388828554;850.5337554061034;0.399094028691105;316.35855441695355;3391.324824557614;7.426787437083132;9.82391452613324;0.0008784876743506784;2.8105396802121447;-0.4749865373162819;0.9987622292519933;3.473780013892119;1.0
0.0017672090758231798;10.636360917679632;0.9921751740112295;680.1218012722757;0.3757046604847866;296.1875223370487;2709.8508441714293;7.261826264836511;9.766692949265572;0.0008479412718561095;2.804954510503209;-0.4441532046199853;0.9978933969108044;3.411885824373536;1.0
0.0021808806569716343;12.499173870700925;0.9920659253283297;788.8862032288198;0.3863871547600193;295.337448771312;3143.0456390445725;7.139142843765017;9.643198952486536;0.0008157367363119338;2.876941871028709;-0.43416223991271563;0.997291273519303;3.545428009261396;1.0
0.0018850726156333984;15.001498765307511;0.9903951235097659;781.7738956909261;0.3873598732165429;321.96157984726966;3112.0940839983778;7.315317153449526;9.867703632232997;0.0007371056584504221;2.928757345217948;-0.44129652728524854;0.9979177644650623;3.482601553890889;1.0
0.0021573484275161266;7.970267009241956;0.995535766555008;893.1639252239966;0.43894830425660447;339.6706660884979;3564.6854338867342;7.490266176664119;9.719597584874435;0.0008977602086184659;2.614720163954891;-0.5059932746909512;0.9992305375048139;3.025125258035409;1.0
0.0018000683259753526;8.720584543274674;0.9963451858705539;1193.274442239027;0.41631738401799157;319.7643642595332;4764.377184412828;7.58140861233357;9.873173791953164;0.0008946751611976517;2.6924953435566534;-0.5029253564602486;0.9992772302468833;3.2259227812016995;1.0
0.0025636107442079097;10.392162914219753;0.9965987711392097;1527.9082597699853;0.4060189778023614;299.57506845227863;6101.2408761657425;7.63063021376656;9.95682076082919;0.0008793626363221617;2.7822081031763157;-0.5030715247053061;0.9993176744516825;3.339446575851666;1.0
0.0036556234058928785;17.619806150817663;0.9942857663905019;1542.4890304519677;0.45946191714761203;311.7271513015819;6152.336315657078;7.259515857563761;9.515109322814762;0.0008251220544718778;2.8722283982193284;-0.48704809410830163;0.9987829672429247;3.8200546818214116;1.0
0.0020403162441126445;14.522855510752688;0.9942445923321273;1262.2122088388269;0.3865765291340332;317.59109490337113;5034.325979844529;7.570441045426255;10.064312881483048;0.0007408386220175529;2.9746115451301374;-0.4723618457342851;0.9988878317306207;3.4989556980693837;1.0
0.0019067454732710374;7.3065216180943775;0.9959481263870149;901.6690838910472;0.4492421760441594;335.4312260188974;3599.369813946072;7.6196156861511275;9.818826481667944;0.0009119538426301944;2.5769292068241074;-0.5209906136874708;0.9994503045040444;2.976109436169474;1.0
0.0017543277603671416;10.443838103104786;0.9957411849454566;1226.7820813706358;0.4118756725427318;302.92752569918133;4896.684487379436;7.619015254567322;9.97026751172004;0.0008614595190738128;2.79833191933718;-0.4972553905931633;0.999244601685162;3.2123093519612875;1.0
0.0017831481678579125;13.520383449447134;0.9946679838178745;1268.5912095503636;0.4093984991430517;287.047331504911;5060.844454752034;7.650794756640147;10.07792099953899;0.0008505336546724817;2.9135419365739468;-0.4893577466350791;0.9991837202645799;3.380494335765034;1.0
0.0023979158492774036;19.634217492849775;0.9939011513847475;1610.2425848341381;0.4141279457538549;308.2466984040932;6421.336121843695;7.350938956496105;9.756885272292655;0.0008053453404995979;2.970936851654987;-0.4688028084823173;0.9985863722256554;3.823437069290691;1.0
0.0017274800573683557;15.355759862111984;0.9933459447868163;1154.7853036427769;0.4014025692264579;299.30660324228546;4603.785454708952;7.582510694282958;10.065904664480879;0.0007550495948037068;2.9127604570103323;-0.4744099668846222;0.9989462407275888;3.388083848468396;1.0
0.0016887053802791398;10.444391435142377;0.9958730706281258;1265.4308877233743;0.4169562886626623;296.84820380124836;5051.279159458332;7.675783004768045;10.022607765807123;0.0009114760370542954;2.771443104039928;-0.5017067231073837;0.9993150819251598;3.3961026135507923;1.0
0.0019575580867322332;11.94000487039828;0.9950864580388897;1216.1052061355722;0.40928647949095176;285.96616663678424;4852.480819671888;7.504858898963719;9.85126406256174;0.0009024903147658596;2.8185759971007496;-0.4898275350069766;0.9990750050249696;3.2688132540065507;1.0
0.00462640074594858;12.818415129629239;0.9952033680460965;1337.1170554235678;0.4397905411096585;311.52065507564276;5335.649806564652;7.046553563524839;9.263260906533949;0.0009008379479151999;2.8101193970340064;-0.4742150754631529;0.9982456072877048;3.780473548600965;1.0
0.0016139620902998347;13.460890572416313;0.9944595311831146;1215.392232985586;0.3996237367622382;294.83446812946903;4848.108041369938;7.633958845308443;10.082867531301039;0.0008776086358077736;2.8908445311046846;-0.48324946183335854;0.9991024453365704;3.29955860752714;1.0
0.002633890524874069;10.341841850251745;0.994603650314996;959.4095084069086;0.42491774446415004;321.3316998923715;3827.2961917773573;7.277273174777013;9.582335147345907;0.0009098165875515295;2.7428763632671123;-0.47782305328786256;0.9986047446093851;3.2884398734125653;1.0
0.0030592325077833825;7.68458752979593;0.9962224561443709;1017.7966153191719;0.4327839725105837;328.3319105564267;4063.5018737469254;7.248703199997079;9.374269525904989;0.0009515110802229009;2.6131649126489385;-0.504402558391248;0.9990025465216587;3.376221902033495;1.0
0.0020773067341181258;10.005166034392866;0.9962126525305144;1321.820893176926;0.42354424730209017;286.3089583137241;5277.278406673304;7.586387800179025;9.847354476728226;0.0009198875848258322;2.7539069097404516;-0.5088965221906157;0.9993295147958808;3.35081221493393;1.0
0.0032632597037744117;3.9877400598266197;0.9931542459516807;291.3307512201418;0.4973677118616979;325.11398884591046;1161.335264820751;7.010338046676996;8.900548799573423;0.001121075499418347;2.2082489526256848;-0.5213653558795399;0.998947376231356;2.6500682871605235;1.0
0.0022965697864883164;10.332544562136434;0.983354285616866;310.7780559565799;0.38560303537715523;304.4889099608538;1232.779679264193;6.979468105530289;9.463209773582367;0.0008642634191476706;2.7954648173118084;-0.4206939550251699;0.9963466494898829;3.288507119426434;1.0
0.002302467563741524;8.964899580126968;0.9909821995562847;497.20195646409866;0.42480468958443524;335.63840529279196;1979.842926276222;7.128467042134363;9.458288290571295;0.0009384201447429283;2.661686141180843;-0.4592028385168484;0.998014281461981;3.100484190898867;1.0
0.002360998287723699;10.249647278967409;0.9917939742053505;624.7766893765502;0.39921384811536764;326.16172567267245;2488.8571102272253;7.168999962724027;9.568333323299756;0.0008672399399897929;2.7795238195564878;-0.45319674978383173;0.9979162453807441;3.4092658619511345;1.0
0.001872464900938995;7.113068332148531;0.9959789088700189;884.638045737267;0.42820573130917206;337.3199684981976;3531.4391146169437;7.475856351918975;9.697204711134756;0.0009382594553480014;2.5706254269351576;-0.5056827286793615;0.9992119387205662;3.1986115031244684;1.0
0.0016490793773683084;12.463689536846728;0.9917031145497204;752.4641356362472;0.39037806873728953;321.36423344637166;2997.3928530081794;7.472683581059494;9.937170258378831;0.00082290354774219;2.856349826819826;-0.46771259270327836;0.9986852799973;3.3774083112747078;1.0
0.0020874871727100328;9.845841325988577;0.9931946800539758;723.9708671113367;0.42670472399804094;333.02455620958546;2886.0376271193236;7.335778599440427;9.683270445715198;0.0008205078209090487;2.731880124119292;-0.47593258472366085;0.9986800020510207;3.029472139426364;1.0
0.002150255457986051;7.3492831254966315;0.9951698974379519;761.2457949863665;0.4270546726594372;329.02817429032234;3037.633896819887;7.380938201321538;9.617157016517261;0.0009219618271530261;2.6084320831341303;-0.4959461948334511;0.9990175721760003;3.1326241391264094;1.0
0.0019045036178443721;8.818300977909821;0.9955181368697674;984.4322196563844;0.41541145588222284;311.61300257669006;3928.910577647617;7.52213815885632;9.855804998487539;0.0009062102096589536;2.709030000030819;-0.49201893456145296;0.9991016559549127;3.21036736426625;1.0
0.0022374774174010134;13.312042359593564;0.9904815639051776;699.647635913756;0.4192531964026929;327.4821866196233;2785.278501295492;7.284935282818937;9.750681740965343;0.0008358739242805332;2.8420933790034377;-0.4517896310424414;0.9981190317738123;3.3574122644199296;1.0
0.003209552987904704;6.451969952995325;0.9971372326129686;1126.9813163231174;0.4753459799644179;311.6538311832691;4501.473295339474;7.3479433073565765;9.367603178849796;0.0010850656649701378;2.495322454836889;-0.5306234640804164;0.9993455590633769;3.2700888599196114;1.0
0.0019260993041852702;10.878402398623187;0.9930040349662066;778.7882204635007;0.3935416331269499;296.7810027702085;3104.2744794553655;7.412606236583072;9.819896024361839;0.0008265515426715134;2.81882392430075;-0.4729001495226377;0.9986932862163962;3.28653745854033;1.0
0.0015585572456804572;9.994906797118585;0.994525887882741;913.3730914582839;0.402341498476157;307.562487441549;3643.49745903604;7.591887736941687;9.989365216525611;0.0008670577629988058;2.756560149738171;-0.48772382310260187;0.9991110450709706;3.2940884647838367;1.0
0.0023721826878898996;6.271468219349;0.9960543723712401;795.3767175250723;0.44816768358835596;333.69509823448374;3175.2354018809638;7.354435228644137;9.487401863177473;0.000968951256498928;2.4991230626606575;-0.5123106730394313;0.9991736745747439;2.973980137105941;1.0
0.002146904747831754;7.676572833030759;0.9923656022936087;502.9968450264496;0.46189644306884353;339.4732222736626;2004.31080727277;7.282918061709881;9.485663384346541;0.0009749301519309314;2.5279738064157424;-0.49291944749658245;0.9988706594843437;2.851460989433411;1.0
0.002021976770694359;7.059574963842239;0.9968212767072344;1111.0402899401006;0.43215129810808495;302.350354681482;4437.101584796597;7.583011113981177;9.781687733839695;0.000983723055918437;2.5842242186598043;-0.5165644911619436;0.9993778221536981;3.1144305628731628;1.0
0.0015913091362634005;13.026402428122928;0.9943883206967519;1161.2908893786898;0.37734543527658265;303.2708074198113;4632.137155086621;7.585222855951654;10.089381570032408;0.0007772920190634036;2.9296847892257603;-0.47098670436619483;0.9988832637138777;3.5551069430775595;1.0
0.0025616303197704532;5.103984387407445;0.9973589066141982;966.9144592434695;0.46231518557532525;312.318317648628;3862.5538525864467;7.504283738404482;9.500607002297354;0.0010575785432700342;2.3935014987011183;-0.5425870234572244;0.9995302287392119;3.0324896601504236;1.0
0.0018542858488742565;10.359117893503125;0.9956037424174276;1178.4815867979069;0.413408600497461;297.27468628672665;4703.567229298122;7.5950621460889725;9.952358060951006;0.0008916477828395956;2.7632466919883907;-0.4946041171573235;0.9992004251121289;3.261068706761377;1.0
0.0016717997739769113;6.19783813091909;0.9970456065595538;1049.3058966182625;0.4330867854377335;304.440068303562;4191.025748342152;7.652147988414824;9.778496707289992;0.0010030198552171063;2.4977561897263345;-0.5319995088302979;0.9995277957008033;3.0628068770527928;1.0
0.0027042496341870975;7.139405409876641;0.9970206040170416;1198.7834708178289;0.46923183143520397;298.98827784677724;4787.994477861419;7.5371514517055855;9.62903082671236;0.0010169389139921287;2.5673706026217826;-0.5327731349769192;0.9994835551938048;3.0714423884858064;1.0
0.002800790552474317;10.737825977758867;0.9950642823427288;1088.388823979437;0.43506474915056764;308.4141839324211;4342.817469939997;7.292374139013614;9.587571417960458;0.0009103004374475655;2.7532293335584392;-0.4802726948845485;0.9987056397470955;3.4478192183536676;1.0
0.0031649700396033705;5.376074450984064;0.9931654070992134;393.5483910101193;0.49785640644429013;315.2149542367061;1568.817489589499;7.0292505212047;9.016202917940198;0.0011530850261094482;2.3363693713950857;-0.5073070732743462;0.998793906995541;2.786533703155404;1.0
0.001841518778243977;8.922346660427898;0.9892365322668062;414.5619108019382;0.40874832381903053;315.3519454100284;1649.3252965472784;7.260971187725964;9.658711876245501;0.0008875326889340966;2.676960695358993;-0.46034643857379887;0.9982459950260907;3.080493511759803;1.0
0.0020782619233190107;8.600948993477445;0.9912590277112365;492.48455003258096;0.40271677310610826;304.6975264514117;1961.337251136818;7.132466483250337;9.526523706779162;0.0009023263531189082;2.689716184433583;-0.4493590572747038;0.9977811655274679;3.334449728774487;1.0
0.0022266194623416545;4.955110939374008;0.9972152297275911;890.1439747203567;0.48230675446636806;311.8298062725645;3555.62078794208;7.486249213445376;9.468363472594291;0.0011092717953442763;2.3600492463347025;-0.5426903054872333;0.9995192591258577;2.8795417641132994;1.0
0.0018514625250664243;15.758602711312578;0.9890745604954183;721.7102244497883;0.3817640896016882;265.6820856046261;2871.0822950878173;7.3816564897298225;9.902313037979265;0.0008595837188274667;2.938393438700268;-0.45281088955755205;0.9982431618537272;3.204341353094421;1.0
0.0017825181025901582;13.919561403508776;0.989797512475882;682.7429929588834;0.3892122524228183;301.3161359905225;2717.052410432014;7.389481420406522;9.943609674165637;0.0007459869441722115;2.8909272528711423;-0.44646122604905614;0.9981596788868338;3.4238265432312445;1.0
0.0022481939750164746;5.886050397101583;0.997037120092173;994.2942037738567;0.4730095083409859;287.3142682921946;3971.2907646983185;7.494583507124624;9.54470307229464;0.0011095666020963148;2.4440068972492908;-0.5339107076153451;0.9994593743949168;3.2734653643625755;1.0
0.002510123639234259;10.826891297711814;0.9883430131950687;464.78130986277665;0.41242580948873137;321.0461084518503;1848.2983481533774;7.063119852345033;9.492342246171482;0.0008100660866559614;2.779741433102369;-0.43760778559041613;0.9972718402394897;3.3710163824799944;1.0
0.0024620356193027146;4.777710186011678;0.9972233684244404;860.5916521580803;0.48440417025596383;325.5926969567844;3437.5888984463236;7.480474468178207;9.434897440459814;0.0010503567480968368;2.347479822581555;-0.547284961417597;0.999539563853457;2.888572836671164;1.0
0.0022799217182270033;7.671494992896146;0.9953664177426428;828.5879815097023;0.4414859738178524;295.7400096698425;3306.6804310459374;7.312360435396165;9.5121207324391;0.0009977777073744377;2.5888435171365467;-0.4967083531464549;0.998963931816335;3.0264482605914833;1.0
0.0030731809708071708;12.776053146788213;0.9939987925857341;1065.186136352465;0.45226648136226405;308.5468535202896;4247.968492263088;7.254654152606372;9.545481227637847;0.0009358033958281407;2.74437538174198;-0.47853127053638356;0.9986287257682616;3.43898803507096;1.0
0.0018007575503355348;12.385414683244408;0.9942164668776983;1071.3317443062615;0.40441276431329637;294.1713169788164;4272.94156254183;7.572390765586007;10.03436122518292;0.000867749294978308;2.8603457787967774;-0.4766170548586953;0.9989601928733135;3.3761318350448013;1.0
0.001316228792760124;13.722108187583562;0.9877905102650043;562.3876053785143;0.3729954604022946;297.3521756959001;2235.8283133264486;7.461320574315163;10.10196913334767;0.0007007265568239535;2.904576314156383;-0.4386193145282125;0.9980557322639809;3.2099607445257696;1.0
0.0018469182014134115;8.376999866628186;0.9939605365300719;694.002069978791;0.4109748277844643;285.7350347610052;2767.6312800485503;7.394199100220044;9.694022530490265;0.0009614306717005089;2.666485745185779;-0.48780224836254527;0.9989147783926273;3.210956595426138;1.0
0.0017660698808144937;13.805605624110633;0.9926338891170243;938.0819183290341;0.38839018442130735;291.46496537259304;3738.522067691978;7.471757184193162;10.00867731795184;0.0008314675847623001;2.931465862383019;-0.45682026271540677;0.998515173752955;3.353327192592766;1.0
0.0020801993554518654;12.759281207327342;0.9954947690586103;1416.4245709265797;0.4368128462991919;295.10773917240476;5652.939002498977;7.640649089604224;10.017759988839053;0.0009345594097883837;2.807407185575898;-0.4969228801272627;0.9992472673336563;3.3852491826263247;1.0
0.0024088994496123247;8.588978363244243;0.990431288295768;449.0742633312402;0.43736002601031543;326.514091279092;1787.7080749617417;7.143978936241176;9.417057012515624;0.0008548822440291482;2.618763680284915;-0.47031198446961753;0.9983014884021849;3.024595049833538;1.0
0.002141307126297616;6.880667929946685;0.9919880859230925;429.47638149978957;0.4404898471216623;294.3514002162847;1711.0248580692423;7.255668000381101;9.508701779952707;0.000993067373544864;2.5463613957407167;-0.4826743083627123;0.9986619487453311;2.955479228880504;1.0
0.002341658963156328;9.775110696927138;0.9861700620125432;353.54156104500635;0.4093317497318626;334.35706201749565;1404.39113348307;6.9855349188520215;9.419318385545365;0.0008492985801463376;2.739288323955747;-0.4291235645012247;0.9967694164024309;3.171472723793107;1.0
0.002953312811575351;8.32312938191583;0.981016456109459;219.36593833712595;0.4110782974969547;330.3299187590285;869.140623966603;6.759794173711924;9.102618377144289;0.0009239057366492857;2.667817109834706;-0.4234701603156519;0.9957890865090386;3.1265982399594465;1.0
0.0023174394590297458;12.322947933324034;0.9949921939078885;1230.4190302040415;0.44403098458868817;304.3046048819273;4909.353172882842;7.514881823548734;9.813215864640103;0.0009729758869579536;2.7543381496405095;-0.4973527134401938;0.9991456660121252;3.4534166668951034;1.0
0.0020270391338148576;6.273609522331588;0.9963572462965031;861.6345466955472;0.4592453744520344;324.7876876275992;3440.2645772598444;7.505892729016811;9.606378533534315;0.0009170240406988245;2.4726869262668645;-0.5261380467046635;0.9994148470423105;2.9489106383558084;1.0
0.0021732338989255474;10.242600716826068;0.9938445317439014;832.6095085575262;0.44460015007006615;311.4175395624966;3320.1954335132614;7.371461874295155;9.660952756250797;0.0009527479374546388;2.6947370652145457;-0.4884642580041352;0.9989263138333312;3.0639103044062157;1.0
0.0024608113891599667;6.479216924849086;0.9946736886284038;608.4523071166923;0.4595306440001926;295.9299947550866;2427.330011541937;7.225425677152341;9.370940112990663;0.0011040801476164576;2.4894398338569568;-0.49860900846815076;0.9988913460382158;2.872736641957964;1.0
0.001945004117243592;11.385536640683938;0.9918319030645298;697.4128162242205;0.416381882508822;305.7361437081837;2778.2657282561995;7.344080825848961;9.795473043901268;0.0008839011049085446;2.794734804088408;-0.45951505075956534;0.9983717124112972;3.3167839551596954;1.0
0.0016235048719487862;9.588660880077317;0.993656214309842;756.28066869336;0.419688215667734;317.53229058518656;3015.534013893339;7.494593677928795;9.883638781589898;0.0009162143060843571;2.7102116523253623;-0.4807916911187608;0.9989255387738137;3.005003342318411;1.0
0.0029180951024357356;13.771351456851226;0.9941730170334289;1182.3228791480105;0.45768880834052394;301.098667933933;4715.520165135189;7.337482296624393;9.628189804881014;0.0009311997193813207;2.7747981251028246;-0.48519861072756193;0.9988240506991988;3.4520777977527333;1.0
0.003231696045926688;10.770068036418431;0.989877404732662;532.1310676804969;0.4454836478312162;342.22364490510745;2117.754202685581;7.043463401461876;9.352441259886177;0.0008241402845416553;2.7400491997753584;-0.45582414764850826;0.9977790643052181;3.2825236062048306;1.0
0.0032596088773264257;3.6932535340557897;0.9973310990448616;692.0367218588917;0.5192200800284663;313.99671496017174;2764.4536339015176;7.222406160659062;9.022773482183176;0.0012200020126833617;2.1897519508055883;-0.5540495734117303;0.9994479589648356;2.8563550185869717;1.0
0.002341909549197777;7.36152833486692;0.9918474615685345;451.77010088194857;0.45154849559161914;302.2521361374421;1799.7188751929243;7.260901456644227;9.475467526393132;0.000884931463744141;2.5565387331874962;-0.4886764536788285;0.9987841032495888;3.1135969775299666;1.0
0.003492005348159953;3.272974938478386;0.9976230006820157;688.5836326780509;0.5252808367475996;302.6475218530526;2751.061555773729;7.39159045093737;9.103565302139774;0.0013411520377817135;2.1133956921464416;-0.5797353590153314;0.9996642444567819;2.723944872321873;1.0
0.0033731156222069443;5.073748056848825;0.9947502445362104;483.61454875261643;0.4950006666250884;325.31109982671103;1929.3844469535943;7.063862172883139;9.019210162144617;0.001128580757233304;2.3470253579034717;-0.5153941666241169;0.9989467365872235;3.038383498408651;1.0
0.0021495183485782223;6.4530512625840935;0.9944142136044631;577.9235596085991;0.4522697872834025;302.08774861798906;2305.241187171938;7.3290316421115405;9.511562853616374;0.0010589358959996035;2.496678159355459;-0.49937759683223604;0.9989832949924727;3.0445999669637223;1.0
0.0023271208303450217;9.033956392493561;0.9912097926545435;513.9909339858177;0.45341957677500266;331.24614425203947;2046.9297795507773;7.215463394584929;9.49014775897357;0.0009937497163532366;2.627269241166364;-0.4754485294791481;0.998519851879244;3.0755284809014283;1.0
0.0021051080402299067;8.345344471252758;0.9894075362326925;393.90200024780097;0.430901438631103;331.55692944302626;1567.262656519917;7.1896432519380715;9.506190923476206;0.0009665742566918166;2.6167397814384383;-0.4680249779839446;0.9983510875952015;2.8981750628884657;1.0
0.0021694212703479722;12.848994334870694;0.9862306001177717;466.6421721255829;0.3993762841140332;316.2440111704515;1853.7196941674592;7.193637171395716;9.746341537097104;0.0007846080185346456;2.8635743817407677;-0.42981790099374223;0.9973125635850075;3.3114296508073506;1.0
0.003665397358189956;5.289045037283228;0.9905476790400961;280.10481724601505;0.4715973619656567;312.5913168978253;1115.1302239467805;6.827048035819122;8.887404102866611;0.0011214828743771952;2.3526954977216272;-0.4770032798639945;0.9978594148647013;2.856215542579953;1.0
0.002198617325062906;9.25597563282589;0.9929096116039063;652.9956236004182;0.4207165932058475;297.5037106127076;2602.726518768821;7.319680740159229;9.658255360821313;0.0009383622007276975;2.712270092168076;-0.4759178441061283;0.9986688787446696;3.1772067449366785;1.0
0.0022697792641111583;8.191765545653745;0.988880487842402;368.75236723758644;0.41192819435574596;300.56273350887545;1466.8177034046894;7.083430061897184;9.435291541941687;0.0009286000099026155;2.633608174545433;-0.4516974908765496;0.9977318159565567;3.103384918610119;1.0
0.003649865617224293;9.569335847866805;0.9906159393780263;509.9768151004455;0.4372120577925244;327.95406327365447;2030.3379245538817;6.910803219514303;9.17395288283377;0.0009315913611934568;2.7079905768386396;-0.4527347137987311;0.997387171393354;3.4001416541314726;1.0
0.0030500265593465933;7.392178415323884;0.9906864644154424;397.06655573692206;0.44385411165910543;328.92353616323373;1580.8740445323601;6.957366904227838;9.13607536063612;0.0009931257576204595;2.571049317815935;-0.4696116531880927;0.9979518440418627;3.2148772314986385;1.0
0.0023416254122296276;4.9776493550739325;0.995451756080536;547.5155648008558;0.4773022835099423;303.06519052242504;2185.084609848338;7.3051316318633575;9.324885327381747;0.001160628030015283;2.3380880515079054;-0.5233785054590546;0.9992495054525575;2.7958417161450893;1.0
0.006708106833387259;16.810303020028705;0.9951467115164238;1731.2519642760044;0.45888487594601274;341.7761583358511;6908.197554083978;6.703618153412856;8.882668343831705;0.0008814421301522608;2.874744095141466;-0.4549351546453517;0.9970499854189506;3.9115783671500557;2.0
0.003758270626485496;8.677768212052293;0.9961535750100285;1128.0197377241202;0.4835263483418387;335.46500827537636;4503.401182684454;7.151363989762289;9.195018108251684;0.0010348784308943785;2.557008233351672;-0.5107810370389287;0.998988601453304;3.3369387295057455;2.0
0.0035561039618623204;19.105011075034216;0.9936102492803035;1495.5832759545901;0.4443732481903609;304.18849061614486;5963.2280927433385;7.158368514058801;9.431147433758076;0.0008144673434825407;2.8967605774045984;-0.475303909805052;0.9984641703320356;3.5167520142530835;2.0
0.0032525540600647986;10.978976679496412;0.9958035244857082;1308.820046448167;0.4490179142427247;304.67460806776995;5224.301209113146;7.304932888169109;9.471177246635573;0.0009193634772334503;2.749276506564449;-0.5033858528106879;0.9990516847488009;3.6094207320421803;2.0
0.006613397026118161;18.213679508731907;0.9951232178609782;1868.0792127343948;0.4770237723244851;303.34937082615386;7454.103171428858;6.821049226916219;8.896429619765446;0.000961802398683212;2.861472284380629;-0.4807573284111041;0.9980383553798973;3.8269195965464116;2.0
0.005327879410176082;20.565123900473395;0.9955873343920861;2330.649357872743;0.46813220741439304;292.0741438593921;9302.032307590489;6.932070648492713;9.028975049168961;0.0009384583575978903;2.935592956314821;-0.48594290791137673;0.9983503201620322;3.8101466825584858;2.0
0.005470889975697609;21.060837967625346;0.9951759263279651;2183.3564600234895;0.45227656388141513;298.77083102750055;8712.36500212631;6.867972444771211;8.98350710099155;0.0009249340128204453;2.955398203390362;-0.47769194207170623;0.998000783037632;3.7116366624966295;2.0
0.004214793427814109;16.598661637557026;0.9952732501626602;1756.6889892828385;0.4660127944867025;301.01352564364544;7010.157295493802;7.215209411649149;9.341170036652771;0.00095546903356592;2.8343897259080033;-0.504833142625013;0.9989854790235029;3.7840329431931363;2.0
0.003379062341597543;6.282699418739597;0.9970174795198975;1053.5683453313522;0.477110069363444;328.4895434878588;4207.990681906664;7.279874802364005;9.266418249420553;0.0009581660935415619;2.460893201133296;-0.5290024756790805;0.9992847416760791;3.269033710242247;2.0
0.004360445779846051;10.336805094822711;0.9954158448554818;1128.2599119380002;0.47153779013482616;324.0806040072823;4502.702842657189;6.919868302860008;9.019116209163915;0.0009897391063627137;2.661232900963935;-0.4822644074095029;0.9982192521239455;3.720673452839581;2.0
0.004000908825360106;17.048463171812646;0.994157553769178;1459.882249674869;0.4559157163747523;317.797944993467;5822.480535527706;7.0919082240612195;9.276713386361969;0.0008756396683446655;2.8328928957588975;-0.483420089157648;0.998462872558334;3.6401421623128885;2.0
0.003002175768821387;7.68113291231295;0.9967296092226848;1175.0219265002934;0.43820165189216415;305.52257987572824;4692.406573088865;7.273190004572612;9.428098735674464;0.0009712291770045424;2.6067449360815678;-0.5011549431772667;0.998957137298498;3.4563895290253206;2.0
0.0032535789502537065;5.156485463985983;0.9973503715609692;973.0746184074296;0.4998092081209116;326.1260264112402;3887.1419881657275;7.334911653153396;9.254370095580146;0.001099085027246126;2.372827433121026;-0.5449128346046845;0.9994555406976939;3.0247675112618575;2.0
0.0038238338975270622;11.546795556635036;0.9959315798755946;1420.103950687193;0.4661805323135588;289.102150607609;5668.869007192148;7.298048586549016;9.405818593001957;0.0009397437546740009;2.7724054971557814;-0.5117214974856299;0.9991305537297623;3.586033820128048;2.0
0.003804468245496679;9.510744319888897;0.9969404245698713;1554.5846981107852;0.4618065238759134;319.56308906676037;6208.8280481232;7.297375734809227;9.384677605696556;0.0009301872533544125;2.698655688716233;-0.5153110571415964;0.9991803078264856;3.731703065545668;2.0
0.0026834193271331216;8.946219678762388;0.99600827891728;1121.608352189539;0.4756246976025565;309.29853523559416;4477.487189079398;7.326971977921098;9.449352996892395;0.0010265417796835677;2.6016146986865065;-0.5096776524081441;0.9991192689803943;3.60601514264598;2.0
0.003278562668315283;21.65234437022613;0.9947588330673675;2066.4799876925044;0.43157521826550277;276.2825812371141;8244.267606399793;7.2176605190677865;9.578970306915782;0.0009063884505727096;2.9620146043371482;-0.4643475881931308;0.9982891499738552;3.9256413340423606;2.0
0.0028318923462618186;10.092955679883497;0.9952522838090971;1063.978430221544;0.44918346853769053;289.194312755906;4245.8207652063065;7.324324447874148;9.557430565894556;0.0009354598505386648;2.690400985950494;-0.49245975598458236;0.9989278838285993;3.230269413666155;2.0
0.004656868975195099;16.83594561686749;0.9953999717106619;1830.491409322235;0.4420265317064051;299.93478377248715;7305.129691672133;7.1469643500807765;9.360577928319245;0.000835157514404562;2.948146735481095;-0.48272682918376525;0.9985684615643674;3.722504221492082;2.0
0.0035628653352928648;10.746891314358667;0.9969135234062582;1741.481191699294;0.46026885491260683;299.26051440181567;6955.177875482841;7.32408980820794;9.479558227771456;0.0009454047172257733;2.7453603406247304;-0.5059165172009848;0.999080308037563;3.7945034874146257;2.0
0.003386949595315553;7.027240086462096;0.997667239996044;1506.951652875815;0.4487452634212685;301.4013345132693;6020.779371416815;7.357907684285535;9.408091871772251;0.0009517511778865699;2.5856385564622686;-0.5268508779055046;0.99930706150914;3.4442946200968523;2.0
0.004328415965827358;5.72844594335341;0.9976048515847501;1196.3133935022342;0.5119489037451359;324.0781019144745;4779.525128065554;7.1923631680316085;9.058956427792904;0.0010881203705134454;2.4173458676529993;-0.5442995080267856;0.9993531506849164;3.3545979325650834;2.0
0.003867079198581708;10.340885958188341;0.9968325039616532;1632.4774970024855;0.4491143211685174;307.63413408916495;6519.569102051781;7.362488552411929;9.546605128112487;0.0008545355475515035;2.781029100147695;-0.5058808350845472;0.9991315005675075;3.7154136725070384;2.0
0.0030912247140873245;5.3316533567108415;0.9974242846966542;1035.7805634301294;0.4848194186216028;286.8250219511053;4137.7906003638345;7.345275933382961;9.295990957161408;0.0011420333484148879;2.3872033327375575;-0.537621058947928;0.9993980268415953;3.0745161532638345;2.0
0.005394410974907073;15.468114620064844;0.9939336217795128;1275.6733989666036;0.4639422179567444;324.1493610697758;5087.2254812463725;6.907102598613695;9.125442529020408;0.0009080563237379362;2.839917398224943;-0.46413894544416723;0.9977572386546076;3.6888158828220616;2.0
0.003626076367870876;5.6445494488411985;0.9973218217804266;1054.5301735791272;0.48649481650035986;317.7462234358975;4212.4761448676545;7.2066945245072365;9.12244207960268;0.001064553526049288;2.4274699348310405;-0.5350015939668264;0.9992878325139902;3.316321017506959;2.0
0.006785705925496542;11.47223111158768;0.9957801756799827;1359.0649615612647;0.48878615314897844;341.5268416080993;5424.7876151334385;6.765986758611297;8.860958684743098;0.0009728241837950168;2.6561128939097163;-0.47472897792029234;0.9977435925404823;3.5682412565627577;2.0
0.004834009804456602;9.160711955864086;0.9962423464990302;1219.7805373570673;0.46377841585614477;312.4550137960416;4869.961437472408;7.087142153191834;9.17412358575674;0.0009128689909263916;2.673945140372819;-0.49834446838561725;0.9987278437916328;3.5997871097087506;2.0
0.0037944307782754637;7.390378661372551;0.995415509021854;806.8408380079227;0.4648067002656293;321.2318331348041;3219.972973370328;6.965957391987573;9.008554427604018;0.001038852381448991;2.5519607314996735;-0.49564176889189315;0.9985351799619546;3.546481098773397;2.0
0.0023611783802733348;8.036147691509566;0.9946453928938761;751.2168808493907;0.4483928337504761;297.55730208968885;2996.831375706053;7.29723501945494;9.507838492709446;0.0009790662932429497;2.5833657495630766;-0.4937267624442901;0.9989190623062126;3.154809548677002;2.0
0.003506109128189312;17.24242932944795;0.9940448247212762;1449.4611598612582;0.4705749109410178;295.77897385459414;5780.602210115572;7.222294539401783;9.427377238393417;0.0009105582000202632;2.84331961914799;-0.4898784147406918;0.9987713448752639;3.771704649809102;2.0
0.002633240275041943;7.279293557521562;0.9940259933036912;609.7905637176527;0.47604855725521433;324.72920836460554;2431.882961313051;7.231415707092911;9.356934534108817;0.0010368740752241166;2.507082854433047;-0.5011770909602368;0.9989198831238375;2.8785750795533334;2.0
0.0033476520648541633;10.323547800610882;0.9953599990672048;1113.7618136147912;0.4722317869089111;304.5098645828283;4444.723706658631;7.157591008386188;9.263972234045864;0.0009901331919037696;2.6526092487562063;-0.4994280142366852;0.998841540247714;3.7904352874823672;2.0
0.002197149862905297;6.611748278963865;0.989252162402353;307.64841694301595;0.4438648154247532;341.72682628550047;1223.9819194931042;7.106622816453335;9.371439506223243;0.0009820102288204586;2.523524822801404;-0.467969575956888;0.9981710295074488;2.785569795793336;3.0
0.002293859579548944;9.34812212658909;0.9913468176336963;540.2512505033528;0.43697051773967344;351.3710842256021;2151.6568798868575;7.193801902017324;9.485763218295922;0.0009184964007317758;2.659544987149498;-0.47124071528461453;0.9983992361131913;3.188966454328971;3.0
0.0025939066860777545;8.047194467491728;0.9884722301105758;349.15962246650906;0.4497789276899422;323.29070118156847;1388.591295398539;7.087105924659829;9.373062872483768;0.0009786500209868888;2.6261299679530197;-0.46559382440434216;0.9981036120561553;2.8287725339367484;3.0
0.0019687420933539616;10.64158830420903;0.9890045869696191;483.93431810046786;0.4137278220040377;332.3074885451832;1925.0956840976614;7.205455392000052;9.653422268018595;0.0009093791479074006;2.7703261501093484;-0.44727218672459496;0.9978693539875599;3.18306601107452;3.0
0.0018620199099490156;10.316917924580151;0.9881636115885344;435.9928796686563;0.4079198644025178;333.3083006451417;1733.6546007500328;7.224240613554933;9.703167551883604;0.0008754164020826453;2.7631671388213928;-0.44397508120174756;0.9978072255246883;3.0079397300839767;3.0
0.0023337782102504654;12.41222396025027;0.986440957278093;457.6736254426314;0.3926230994682777;356.25629173458117;1818.2822778102964;7.060842939972503;9.55069108365634;0.0007374517982763275;2.85744050774114;-0.4276543397647653;0.9969243963486691;3.3442747865458244;3.0
0.002127460861029094;6.015982639220795;0.9939774608671582;499.8791163231799;0.45380093298542995;328.06320407658063;1993.5004826535042;7.356060724247447;9.508584928455035;0.000969012161290467;2.4580354477249164;-0.5060321558106322;0.9990911796409923;2.8714909811864384;3.0
0.0020211869637401622;7.217040806651183;0.9928105494452599;502.0030017566969;0.4470172827222654;323.16796411449343;2000.7949662201172;7.331665849603748;9.582538059198088;0.0010003085253686326;2.5597633293712607;-0.4889633651070984;0.9988657754779385;2.8442748538167084;3.0
0.0017703852019972926;10.464422009485412;0.9872871673435615;411.68942768739817;0.38163925000588983;325.9579679831038;1636.2932887401003;7.219285933105652;9.747206442714566;0.0008435541450855809;2.8100128092558334;-0.4354221828408396;0.9975343331301825;3.2389445698387753;3.0
0.0018532076486219393;10.52878981368672;0.9919522222347485;654.2851225089553;0.40845561486477067;328.19228011155695;2606.611700222111;7.363478402174652;9.763921416057098;0.0008829224691776753;2.7895961424138;-0.46832297420785796;0.9985867412382746;3.4354058324366865;3.0
0.002105256796334244;9.794798952192659;0.9922489151793357;631.9987212756932;0.414471577671777;332.6224205904496;2518.2000861506094;7.303259695639616;9.657506145013201;0.0009033699978854939;2.7453364773782116;-0.4700427928369574;0.9985358084510589;3.367030012619236;3.0
0.0017398411569714922;13.997876760849678;0.9922954254590436;908.7464857880705;0.3907601572258632;339.5520828328774;3620.9880663914337;7.475948144126717;9.98010388859523;0.0007585735773945218;2.9368696552819555;-0.46236921398318315;0.998632732057151;3.573645365716898;3.0
0.001619378413083321;13.64823314664261;0.9920913959657258;863.3161899838642;0.38313415479521484;316.09384702007185;3439.6165267888027;7.506563031440088;10.043436061796193;0.0008044196005861858;2.9158326097832075;-0.45988053551875707;0.9986124494687111;3.3685648450399786;3.0
0.0015585612633085802;11.378933454264649;0.9941040597652547;965.3782374228349;0.3963863541189339;310.47238924101407;3850.134016237047;7.544468111302523;9.987512590615689;0.0008480249810297849;2.828325365489975;-0.4768990301490096;0.9989395048320936;3.469252287259189;3.0
0.002105960455680073;8.610756179113096;0.994340717423287;760.9768709014124;0.4202716755317501;329.4636119981399;3035.2967274265247;7.435353698460581;9.774397631305954;0.0008993182333672396;2.6887920662981126;-0.48446100094532024;0.9989062864445146;3.215511032339484;3.0
0.0028277765504789963;7.577738504852206;0.9945757650030511;698.6993047574788;0.44969940149747056;335.0793069204148;2787.2194805250365;7.2373079015371395;9.384462561714628;0.000980290939640386;2.5727083808748907;-0.49955616342728704;0.9989164364952361;3.3779304387681366;3.0
0.0020482414072850647;9.974114714112341;0.993802291632278;805.151798067518;0.4125006598970458;316.74999144724114;3210.633077555929;7.497883344277722;9.857750474679436;0.0008972286516537684;2.753412293328968;-0.48764891674132516;0.9989766990651239;3.3446123749168333;3.0
0.0014720425137783948;15.470893077234438;0.9919447426490628;960.8873047550187;0.3619208874606282;311.16434127103634;3828.0783259428536;7.542383387011523;10.126382912141612;0.0007711652263273205;3.0149139596468797;-0.4551714747179823;0.9985649090174804;3.812649147980845;3.0
0.0016642475765139236;10.916983999807648;0.9940828720856141;923.131989496118;0.3960843380079961;304.8493727896114;3681.6109739846215;7.486855518697034;9.869583896148843;0.0008808360391132853;2.81428737941578;-0.48167139536548914;0.9989420993609486;3.503872732727438;3.0
0.0017375253449982994;12.057234082437922;0.9938367194213442;979.3964162974353;0.3832094160426667;297.936477574508;3905.5284311072865;7.527926851456274;9.991529721963126;0.0008168069687169102;2.894729458033079;-0.47307901769404714;0.998837985433737;3.463881111121319;3.0
0.0018531621625784275;10.15723726862641;0.9943618323353342;901.3120602889758;0.40678176544223976;310.16361909129654;3595.0910038872535;7.4531377551449385;9.818632317846271;0.0009101789917175878;2.7589607134675775;-0.4820441825701963;0.9989133141647156;3.3696854852149825;3.0
0.002085801046494098;8.764186996282497;0.9944621876432562;791.4973556326013;0.43030707244089395;340.7819769144223;3157.225235534108;7.343246427298558;9.582495547301956;0.000926341808375713;2.6623950362412137;-0.4927011894368012;0.9989500932697702;3.3044897364679873;3.0
0.00205540448825877;13.855335435935427;0.993689312799683;1098.1098845011347;0.40086461843525073;322.94913238354206;4378.584202568592;7.504578443763085;9.905753948295677;0.0007965586268934186;2.9376990251842563;-0.48187914943436627;0.9989720905763357;3.840791979027131;3.0
0.0015080015266730386;18.500998078905035;0.9923779049956761;1215.622938197328;0.37337110739095736;268.10360608474286;4843.990754710412;7.5661767065266865;10.071843278389855;0.00083552579338228;2.9834292725952225;-0.4696420368390909;0.9988341385573041;3.4503684358885827;3.0
0.0014889902865548028;12.422971934617689;0.9936670465521636;981.2993916033811;0.39627569763707043;285.99872883853357;3912.7745944789203;7.587395815010372;10.053485443262245;0.0008707614185398209;2.8664341573264163;-0.47653677183769033;0.9989618831519712;3.4561080457575732;3.0
0.0018071226561903514;12.35013894981034;0.9947551219274995;1178.0309517976202;0.3992019809860694;310.1874972518648;4699.773668240614;7.6303802915893995;10.053652333666687;0.000821668293513986;2.874432341386585;-0.48796486545804973;0.9991519909216345;3.4576105955592737;3.0
0.0018511970577616745;12.213173766408424;0.9952686959168113;1291.0416867316262;0.4125299862856639;290.92158729092876;5151.953573160121;7.586363926251743;9.928741332415676;0.000919001076255258;2.8346635061571317;-0.4957440435638696;0.9992075187203342;3.3368588239239005;3.0
0.001641288609437091;8.128528458208912;0.995573921661248;918.7148266568502;0.4061310105526217;316.86399216394403;3666.730778169189;7.551394177300685;9.820288473942682;0.0009046486305141729;2.670282625213904;-0.5040100997264043;0.9992588841621729;3.3115971818809804;3.0
0.0018148157037918083;9.158341570569828;0.9953464643841257;985.0877956553704;0.38804876893143003;307.4218391562221;3931.1928410509026;7.546936276193746;9.903502038303001;0.0008686500563346942;2.7453567878852114;-0.49116740800010045;0.999113495939314;3.2978807981341194;3.0
0.0022802151587943947;9.902976264190169;0.9955492343436579;1112.9022431260973;0.44361921064667814;330.7409082842752;4441.705996240205;7.506826077967679;9.752216810366003;0.0009159457328138552;2.710506494447992;-0.5050946213554917;0.9992251316496895;3.121984792495941;3.0
0.0024606870842186638;9.124426140999534;0.9952008075739525;951.0933340112742;0.4239815641275646;327.56673724414344;3795.2489099040977;7.301330540223656;9.543708621016787;0.0009140158506708659;2.681402158012845;-0.4904818387445683;0.9988674228625469;3.229352095815817;3.0
0.0021156279997511887;6.742217466456494;0.9958727546180867;817.3541602703899;0.4153528862731567;331.21003903491663;3262.67442361511;7.3857370284181485;9.547371607372435;0.0009380048344690779;2.5590472698085374;-0.5077908912275212;0.9991541547161004;3.3091999365881897;3.0
0.0026510338990913037;10.157015460711374;0.9962653401456257;1360.3138657187774;0.42410236187953787;306.83287046336727;5431.098447414395;7.484056475274507;9.76066957666908;0.0009040539742757726;2.7603195268791993;-0.49952629662640036;0.9991571502615382;3.3418817707469732;3.0
0.0019145541489052772;13.146488411187534;0.9958298359448517;1576.6775002730765;0.40595663422805844;285.3768702142403;6293.563512681107;7.631420660157357;9.947409363876002;0.0009018314451772388;2.8735256662049338;-0.5030157445373048;0.9992870053609458;3.7930661191035435;3.0
0.002014795983284816;7.769477719798257;0.9966299554486782;1153.1527597304394;0.42700929961769063;305.6710655929652;4604.841561201953;7.598932820894383;9.77813845379043;0.0009828176563470086;2.6179868509870325;-0.5218883689108932;0.9994465789969578;3.237822070381191;3.0
0.0024704034168610547;11.100566424664702;0.9952217844331335;1162.1733777806176;0.42162541367908796;322.77692292454844;4637.59294469783;7.475250595770265;9.80057507711148;0.0008149125251481591;2.7933712490764924;-0.4908730765287913;0.9990473826248406;3.4532664820601586;3.0
0.0027801014054468507;15.333818049721273;0.9948069573827271;1477.5101710116742;0.42285163880218957;288.8480498058176;5894.70686599697;7.416567343130904;9.77520788036917;0.0008301850900150798;2.9641845225209424;-0.4842916269276773;0.9989300694750929;3.411657540102037;3.0
0.001977517375732105;10.43577885778879;0.9946204058860486;970.3891026946521;0.40087232838025133;325.3621576919681;3871.1206319208177;7.4262059298481;9.791868048497232;0.0008534595340229638;2.804190719370917;-0.47981226490197476;0.998849136387304;3.397410025127904;3.0
0.0033802360178928122;12.039917635046937;0.995027793743144;1211.3047607326325;0.44629390107345634;341.4735335670076;4833.17912529549;7.2126282888418825;9.428170356670904;0.0009037354088373811;2.756304109528877;-0.48722336986920545;0.998727756394111;3.2856008929095744;3.0
0.0019134379120254114;15.061875900484992;0.9949356087375038;1487.6640265343503;0.3879846803113161;291.9653526480994;5935.594230236886;7.61082998164249;10.057846768957393;0.0008257535726948874;2.9845234423004996;-0.4821776754356194;0.9990777670705203;3.770352102084167;3.0
0.0016901131121481571;8.62116531781096;0.9962728429102723;1157.2829004776968;0.41854029545209404;313.38666842368104;4620.5104365929765;7.66295802344918;9.892401646527016;0.0009001005191223196;2.6870776997731767;-0.5185429700203932;0.9994467008440314;3.3151975997375405;3.0
0.0018371617278664367;12.90416080089048;0.9951317601047667;1325.9162212555566;0.38899170184185516;292.56310631077037;5290.760724221334;7.6314550445403935;10.00967869987406;0.0008442715173430789;2.922425381094996;-0.49356955560759946;0.9992102261817629;3.8371589183038495;3.0
0.0019290026794897617;9.42854672280999;0.9964941155005114;1344.878856339783;0.4166788206938067;303.0697552408542;5370.086878636328;7.602221486589977;9.864352785123296;0.0009207368340143102;2.737753147358393;-0.5093726789085744;0.9993400278372103;3.5239474499696675;3.0
0.0016250296453926144;10.79111400798224;0.9914049588826965;627.8476031376167;0.3929879212940618;333.627329846918;2500.599298542478;7.399063416411499;9.887595531990996;0.0008317076077481243;2.805631581906365;-0.4573821947554398;0.9983929679180097;3.359111794184912;3.0
0.0017825986635350542;16.112746805379523;0.9910919103129144;904.534521444355;0.35968089266585646;315.93737776082713;3602.025338972031;7.406680306705242;10.016522049821281;0.0007652357665601166;3.0302978597471557;-0.440948715223257;0.9980739554934821;3.7465330427584567;3.0
0.0018465501260429272;12.205368441342856;0.9938884733926454;998.9440294990845;0.39853881059835916;305.3366453920096;3983.570749554936;7.4524042236340655;9.862638718888805;0.0008735761967187057;2.847590775382396;-0.4745198698280878;0.9988090209926468;3.5496592322401352;3.0
0.0016335999802367567;7.414708245865135;0.9960574253144204;941.2682080944196;0.3951653335415892;308.2311611556139;3757.658124131809;7.595208344292873;9.865978668232188;0.000892208162021849;2.618110846060482;-0.5072548793770842;0.99930962584497;3.144469899884647;3.0
0.0017672211737512224;13.701398805141364;0.9923955156423236;901.5440127500187;0.3992692562752036;328.54311055106484;3592.4746521949273;7.470235345782161;9.943677725297078;0.0008088541719609144;2.9117345185905363;-0.4668839827252421;0.9987051930066029;3.449523512593351;3.0
0.002180735275871523;7.610221580729793;0.9950246768258512;765.3453834140819;0.4168863568844481;328.18993140689213;3053.771312075576;7.351182330287528;9.582727038274777;0.000910616917254814;2.621507155136541;-0.4955275225460576;0.9989834138519842;3.195078662970058;3.0
0.0020625282131944583;13.933592286185476;0.9939432953224174;1150.7885072099625;0.3874771792928778;312.01911061726696;4589.2204365536745;7.521436579712063;10.013055114891191;0.0007874765266644981;2.960093533694266;-0.4685521542541471;0.9987852139091147;3.5609347427732185;3.0
0.0016381708337934635;14.414598864381919;0.9928523438699589;1008.8149755945442;0.3604242015422751;312.19563579026607;4020.845303513801;7.532639904953143;10.128998514304866;0.0007608363275042292;2.9957461306299598;-0.45442392038619944;0.9985629973454866;3.6165753754045804;3.0
0.0016849136771248138;10.827451813133642;0.9937533268308913;867.1311635189104;0.3990129432561047;297.3289487048641;3457.6972022624614;7.478500189018592;9.894827310137574;0.0008951933523477893;2.8040116905763526;-0.47531886944348734;0.9988286068300514;3.5031180261469155;3.0
0.0019408375103165993;15.158162329680076;0.9910239678594218;844.9931515587969;0.38725970586289704;303.4214233535141;3364.814443905514;7.444900773432035;9.967155796315533;0.0008079936221625547;2.9744801634228084;-0.45746410733293474;0.9985030400139003;3.5681296489215573;3.0
0.001531055836191245;7.950464573335438;0.9956815225251464;921.1458061429621;0.4077083443559562;324.1144191636266;3676.6327599985343;7.648954640481358;9.93293306714721;0.0008749987025913297;2.6570540641785576;-0.5089435810982514;0.9993745397734304;3.2842274023380513;3.0
0.0016448246345218851;8.193103933034541;0.9955255975110051;916.0911011787839;0.40467935785674836;333.589905024333;3656.1713007821127;7.562493310406959;9.900428272138953;0.0008452995138585659;2.675651404972347;-0.49483487116626607;0.9991744782725765;3.1885835386343953;3.0
0.0021574116507267547;14.031055167310353;0.9951476367991304;1446.6859900849886;0.4067573001305028;290.5569642433397;5772.712905172637;7.5079258059083;9.897739987652377;0.0008793107709391123;2.9058083485969686;-0.48414722907009977;0.9989789245331397;3.614500936326687;3.0
0.002106890443477388;10.726945040828003;0.9953979424484698;1165.9634106741505;0.40519061666568307;305.6928035031475;4653.12669765576;7.5305736130184915;9.83287034259601;0.0008825424013524064;2.8021203683087315;-0.4978649814941639;0.9991666434002207;3.6506630784819776;3.0
0.0017177717252821138;9.979560474771285;0.9954832767439454;1105.1284923636586;0.40358233572620844;315.98385601225607;4410.534408979871;7.579726491798591;9.970802627888487;0.0008791724172537668;2.7618721709817886;-0.4878685067408812;0.9991139446648546;3.310105898378029;3.0
0.0017458416725218233;9.653417971622579;0.9953723178045971;1043.738268831521;0.41705339393243746;292.35859140040395;4165.299657354448;7.605191364729736;9.938090111670487;0.0008944611129071502;2.7437055980303535;-0.4985036115560423;0.9992270773335448;3.3186630037067237;3.0
0.001827749380323145;8.686971567648765;0.995083749362458;884.1201910173504;0.4119072249537499;292.95852241373393;3527.793792501794;7.527022557772089;9.836184910302604;0.000927787948987994;2.6970565914139963;-0.49553904192263537;0.9991370796914667;3.3960503595741787;3.0
0.00398617147938806;3.560575506822134;0.9932996992314309;265.8365640524835;0.5363756868089298;301.9469754206937;1059.7856807031058;6.830657642338319;8.598907906234114;0.0014166302733747207;2.147953068058703;-0.529027157366038;0.9988498231828533;2.481382283987717;3.0
0.0013987401644457711;15.739467826021514;0.9917120883211094;949.660389781855;0.3789198618470126;304.3389113045463;3782.902091301381;7.555399030209925;10.165822210419535;0.0007914688497251772;2.9899518648543877;-0.4523949332589544;0.9985393684286411;3.551827123346855;3.0
0.003446446615495279;4.748154309344336;0.9937816511900067;381.86109085244607;0.48514615266860495;354.8332781450172;1522.6962091004352;6.898140787521921;8.858609411522117;0.0010878389882561356;2.3129499534155764;-0.5005264562810834;0.9984976582191191;2.867515072168724;3.0
0.0018990714357238754;11.224699832799661;0.9886312561734869;494.02861110216054;0.3860620402742217;320.3038140998974;1964.8897445758448;7.266757909967408;9.741463170087549;0.0008405365682046092;2.8302574495331134;-0.4487564699172509;0.9980078126667401;3.2527536031761293;3.0
0.001786449769793483;11.719984354532972;0.9918827137214044;722.2754758408128;0.4094885567610991;312.7015797217169;2877.381919008709;7.402698202733301;9.831630672568721;0.0008929301114544852;2.827524384800026;-0.46643052496321047;0.9985889849711087;3.52483285424316;3.0
0.0018658781840648398;6.245552478435998;0.9941084363622307;530.2212294125593;0.4473897608885864;333.2018734835585;2114.639365171857;7.384666441435415;9.576539043615975;0.0009849432585810269;2.494573716498636;-0.5027351891482327;0.9990985218382346;2.8725397292256103;3.0
0.002254844126349793;4.551013650484367;0.9969364360411955;743.0912958399504;0.482676143143393;314.4752229989273;2967.814169709287;7.466493868011481;9.431750002125451;0.0011352599250894057;2.3106754265722547;-0.5439151705737542;0.999502889047888;2.917210368806135;3.0
0.0016300425035555334;12.068143971565402;0.9921077519908448;764.735895993741;0.4039171873481675;321.16328364876085;3046.8754400033577;7.423682826276971;9.899742075893084;0.0008658175940917695;2.830852128686568;-0.4611719456341919;0.9985102577799995;3.3390112996768533;3.0
0.0019823030331901654;12.03076544499351;0.9874354723441611;478.83097043762973;0.373457072857062;326.89866582434865;1903.2931163055146;7.083333771621064;9.63865782573133;0.0008167662742051895;2.8769780010504;-0.4198518344060227;0.9967131834126395;3.345794458071279;3.0
0.0031936242637322174;4.274122303040838;0.9964197563539501;597.2257420202732;0.4888422927991254;291.9185026640489;2384.6288457780247;7.200019179205136;9.081707730435676;0.001209181653875008;2.2816233909425296;-0.5385672736296293;0.9992952007318093;2.936632147057225;3.0
0.002216905433604517;8.907313011193917;0.9937581765145791;713.6263272093302;0.43718555787726754;321.7880341778523;2845.597995826167;7.357950376234364;9.641099128668532;0.0009318386295023985;2.6517044861528913;-0.48674582463780325;0.9988603701857844;3.1599678158011693;3.0
0.00214628342383263;5.041897190269195;0.9963941855946982;699.517027290819;0.46999449644317703;295.87445849944106;2793.0262119730032;7.508556941400793;9.526355798400868;0.0011277355309629146;2.358093302049689;-0.5380922374650932;0.9994885273999009;2.871748453598633;3.0
0.0018603868474368795;15.839121576021899;0.9917096850250646;955.8783506561049;0.38363742503605597;300.0109413037452;3807.6742810483847;7.4049904264193565;9.95645397443376;0.0007939677405044992;2.983435586579535;-0.44954223187485715;0.9982761447968398;3.5376174514308465;3.0
0.0018535953418525454;10.515776691257456;0.9882112585099312;446.14822260200435;0.372498432917185;297.72541064037455;1774.0771137167685;7.219958113240587;9.702365548024545;0.000794781855307017;2.817490242320457;-0.44295516856394024;0.9977677179127388;3.2110079901509376;3.0
0.0016393697368231454;15.007961690898362;0.992572157474692;1010.7547230113505;0.371887326026743;293.10864049984866;4028.0109303544814;7.481574610481139;10.027720150059537;0.0007679313271868739;2.99252387016047;-0.45600594627389207;0.998523985497797;3.55992904691518;3.0
0.0018070021543879784;14.12107212062009;0.9953546590435913;1521.140315280808;0.38778933979420277;274.1818663546622;6070.440189002609;7.592811132543523;10.05712948252025;0.0008502532441389159;2.933646569223936;-0.4776517575313381;0.9989908319602382;3.605156536227816;3.0
0.0021648267684047026;6.190298590812604;0.9960316661071404;780.1794991193447;0.45733642540431185;335.89514974167474;3114.527697886566;7.448562167545669;9.581652190123723;0.0009617949947871164;2.4742616165088824;-0.51674150845636;0.9992976154306858;2.979012646843531;3.0
0.0018426556917403641;13.024572826369646;0.989240076876748;605.5467418315911;0.3849405686775458;290.4646815765805;2409.162394499992;7.329004327484996;9.908006105903672;0.0008318060920960707;2.9096176801260043;-0.4372571797708365;0.9978144916273537;3.3256633385115553;3.0
0.002867471717991399;10.66891040412994;0.9906437771890736;570.7133290150523;0.4080426495789863;299.53267006625697;2272.1844056560803;7.057619314067425;9.406750285823545;0.000869479452314913;2.8002845208646456;-0.4510128925426254;0.9976450032464288;3.423764132480125;3.0
0.0020619023151436594;7.994318608921361;0.9939141253104236;656.8562232841341;0.4552855629760008;328.5696787505261;2619.4305745276324;7.366052753275477;9.564354202871034;0.0010015149231779059;2.5934771840817312;-0.5005657702366629;0.999054528000354;3.0630862429460297;3.0
0.0016422807056956246;10.47150772578832;0.9931235478363953;761.8152737152741;0.4255338823518194;316.8497549207515;3036.7895871353467;7.519428319423454;9.916127370436417;0.0008878877026038386;2.7761586579579873;-0.4819043957977512;0.9989715169261434;3.1277305449655683;3.0
0.0027401674443609737;6.803745634636689;0.995081954298414;691.6390335712658;0.4449607801520464;314.7716945992522;2759.752388650413;7.24744565743249;9.428603836580919;0.0010200504258532903;2.5390962925667946;-0.49359356309388597;0.9988428118258154;3.2373033003274427;3.0
0.001791973115568934;13.55143676790804;0.9913086446990299;780.3518508558318;0.37187048782285625;302.79507106082724;3107.8559666553847;7.382491492643771;9.937637978138753;0.0007769585758668034;2.945866859280539;-0.445490588108292;0.9981393104144225;3.6459607752003778;3.0
0.0018385433190696238;12.609681788331093;0.991863894805155;775.6322062036261;0.3809769364863003;305.92836113097735;3089.919143026218;7.369136209920754;9.901059457083267;0.0007763789716990414;2.900480677583235;-0.4486788461656853;0.9981751317186035;3.493703042847729;3.0
0.0022611473470551956;9.114174386093357;0.9946898743206775;858.4904508124691;0.41962471249212785;310.22432348297247;3424.8476288637976;7.334697722099802;9.653421679984522;0.0009077683830701639;2.7046529574550306;-0.47992315335900504;0.9987442917530238;3.390933782623569;3.0
0.0014501681732194296;13.869744955806794;0.9938600812846159;1129.7775118263762;0.37906980124131207;276.388365714377;4505.240302349688;7.630684632966967;10.177042599270603;0.0008220123895503354;2.9476165311634257;-0.4690052957028572;0.9988996756040038;3.4821651091746846;3.0
0.0013744473216890237;13.258756807996887;0.9912191291905881;755.3057255660688;0.4057783763037;306.963217764536;3007.9641454563025;7.59304764191025;10.155914414411722;0.0008377185634085863;2.884917700193438;-0.4620633910590898;0.9987490773004791;3.1309492071814673;3.0
0.0018138304000263254;12.35476788728945;0.9921430267197983;786.6013879934117;0.39742802966591784;299.01254968208593;3134.0507840863975;7.391718857815667;9.867745309271614;0.0008289206074785265;2.8577337213138785;-0.4594383210762245;0.9984569142216877;3.338338131394385;3.0
0.0019989183533456923;8.557060236130525;0.9952631811036479;903.1763000311566;0.41706859399155677;304.71581319104337;3604.1481398884753;7.474919661999845;9.793689779047456;0.0008771819233393434;2.6951489222761555;-0.49012607151620086;0.9990343674147733;3.4272058528667224;3.0
0.0018691159088816342;7.171916248252714;0.9959081332763084;876.6365682489832;0.4491340133556589;322.6313539031368;3499.374356747652;7.595627902410369;9.799732564749904;0.0008962165307299883;2.5558502831684695;-0.516840855089368;0.9993935538484302;3.024914367865735;3.0
0.002297865700917696;5.175615077768612;0.9964021899570704;719.8863261585457;0.47891587517675827;281.282888237456;2874.369689556428;7.457486783716178;9.445211057735692;0.0011353126091947338;2.384193787748604;-0.5398665522912587;0.999481888570174;2.9741479719164237;3.0
0.0018183488981356874;11.79589435430743;0.9903007539957994;608.6358361843513;0.38129712275695005;278.9952002066688;2422.747450383089;7.325325598396814;9.841630982473669;0.0008818029933803605;2.852645255281072;-0.4464653295971059;0.9979971114269209;3.3997328358840835;3.0
0.0022915488657010517;5.3427174109236475;0.9955911689119777;606.0773821766925;0.4978206303702941;329.69426119798203;2418.9668112959152;7.404661501750732;9.434377308608882;0.0011208407202413745;2.3713574332404197;-0.5293564397020021;0.9993772289416519;2.676696384601213;3.0
0.001820522876044008;10.809183897658489;0.9933241567403617;809.7013805948445;0.4103877771357385;305.20417990486345;3227.996338481771;7.451694584122573;9.83283618597552;0.0009262647238429362;2.7653223987690456;-0.47794038718522686;0.9988347686253173;3.510556335958128;3.0
0.0031305668691456964;4.946134594258922;0.9945620865500852;455.0384946133827;0.47939039939535677;314.9970467227819;1815.207843859287;7.080445676834708;9.040927417167357;0.0011343994241161627;2.3474788486355993;-0.5155374180319516;0.9989525377309452;2.90751774687976;3.0
0.0016817155430104832;13.094434485652574;0.9881377750294218;552.1755380559762;0.3772983927086177;304.53407009055735;2195.6077177382613;7.307581937319388;9.872542446811993;0.0008081716352092109;2.9154659776048533;-0.43780093469202197;0.99777535755776;3.410703461989376;3.0
0.002165877564762344;8.085265708795593;0.9917862401298303;492.3935271664586;0.4248788640978881;311.7223966938685;1961.4888429570274;7.188276174820077;9.502950984507986;0.0009425105789258419;2.626847511674065;-0.46698358316202937;0.9982823433462369;3.0831141229914123;3.0
0.002516389256191816;5.649749013553857;0.9951192775320844;578.8578435729241;0.4599526859071338;298.49746066488575;2309.781625278156;7.273014760889234;9.35511226690485;0.0010755606618001064;2.434962152695962;-0.51147660017083;0.9991002226443879;3.009076904271142;3.0
0.0023938657861010473;5.045674866525374;0.9953375769098929;541.2859757814667;0.46541598681360624;328.09869426776856;2160.0982282593177;7.30104490156203;9.337543196567683;0.0010585957338760672;2.364801074037129;-0.5198113615786568;0.9992095187785737;2.8250328885139018;3.0
0.0017993509732959565;10.541720132247708;0.9923769767888322;691.7547225753751;0.4128112687819771;315.5080278052951;2756.4771701692443;7.381611392094719;9.801838685424794;0.0009011606766129185;2.759818911765171;-0.46710864768846566;0.998559823174594;3.188147527359549;3.0
0.0015635818881804598;12.94352320430847;0.9914848747301703;760.673294647775;0.3783588965180301;281.6164055028391;3029.749655386837;7.43250733751724;9.980770276763367;0.0008522758559390885;2.8966641408527494;-0.45091839119622884;0.9983351687742773;3.4857068993709674;3.0
0.0014658972821748116;11.2475140333289;0.9919941396098662;702.7351113317281;0.39972433646779565;302.6211588182869;2799.6929312936118;7.530455922214676;10.027593826630444;0.0008629888879441639;2.8159609996830226;-0.4670740840612749;0.998760297766117;3.099993816392904;3.0
0.0019915953024267686;6.152956953760526;0.9931127411689185;446.91263425172656;0.4333185256218711;328.10201596071767;1781.4975800531574;7.256092939880321;9.454663330803848;0.0009614680071161379;2.4873657645449967;-0.4905426206551624;0.9987950829413409;2.9158258976752487;3.0
0.002015498017738179;8.866120440225842;0.9923309076033424;578.4477548311797;0.41732254941045027;313.27465386159633;2304.924898884583;7.305450510724538;9.643232426534546;0.0008870782093157959;2.68045918563267;-0.47296893121422395;0.998589989873194;3.1198411318544306;3.0
0.0018336957409043598;11.106379561161345;0.9920604499536947;699.6230414471447;0.4239577711631502;340.44323741427195;2787.385786227427;7.389130470401345;9.793532172590368;0.0008298976296056447;2.7713630344974853;-0.4706740029115061;0.9986391264345704;3.1817232324925255;3.0
0.0019157016137000553;9.19540133521392;0.9931792781997921;674.3318021877658;0.43074576663714376;320.93770089482143;2688.13180741583;7.391540563208013;9.691343075468879;0.0009485102711055797;2.6659793110942647;-0.48624068874919907;0.9988991000038118;3.1345071869442864;3.0
0.0027569075900049913;5.893820942734639;0.9931647854068864;431.18150421807604;0.47096644899060164;333.46734362994255;1718.8321959295645;7.047675207474983;9.102686410512415;0.0010903617070179086;2.4411135254627716;-0.49779513780404955;0.9986638967041899;2.9358693563909135;3.0
0.002851260991462261;9.898990457801322;0.9900311060139038;496.7261854038925;0.4177624386233547;321.79096481743335;1977.0057511577652;6.953050822306015;9.271268083558102;0.0008910889195578646;2.7220928857446305;-0.44649287082453337;0.997313492518918;3.294516746745565;3.0
0.0018792141888872732;10.291790247928507;0.9930063155122086;735.8828903152325;0.41990577850798505;315.2804890413177;2933.2397710129844;7.391486447279117;9.746070530728696;0.000922723758172742;2.7471397389480106;-0.4773595249827359;0.9987572054960749;3.4267881134963454;3.0
0.002314161863396544;8.201676148901454;0.9920078907744541;513.3009410789582;0.4395814904558686;329.2297208255198;2045.0020881669261;7.162462318049187;9.438670902899435;0.0009581698278622518;2.6027908199013465;-0.47170118640573866;0.9983659914964729;2.9624642225392375;3.0
0.001784961636572842;11.69904948041927;0.9898698382787887;577.8069909034202;0.3825780146269273;286.45908871525137;2299.5289141332796;7.347530965661997;9.865125825767837;0.0008664973269785514;2.8627633452313805;-0.44808047922467226;0.9981011896573412;3.3613430575737473;3.0
0.0015042006139585192;12.34946115840259;0.9922888520412467;801.259243275812;0.39054035484185673;296.92454544449174;3192.6875119448305;7.4907591096955235;10.03295345679496;0.0008674364241033569;2.8543122318983345;-0.456780647853003;0.9985325044994182;3.2079389109861802;3.0
0.0017595037583745183;8.005364106932507;0.9949408531508201;791.670126039865;0.43125221735494823;295.39454554264785;3158.6751400525172;7.532683187848026;9.793959690732823;0.0009883077679577494;2.6246282378617103;-0.5028070142328346;0.9992222864878103;3.155797678901275;3.0
0.0024050927666084275;6.795009593013621;0.9941579952362779;581.696405083836;0.43489962397632426;300.13718505726894;2319.9906107423813;7.246686734554627;9.453448676792108;0.0010239116935317327;2.558159348605866;-0.4898134171514065;0.9987609354380671;3.21910424419113;3.0
0.0019006937927180637;8.223113738644942;0.9958602597677093;993.8945188169228;0.41912222968697266;294.95494052719624;3967.3549615290576;7.534277515500694;9.787651205103565;0.0009260682416234449;2.6750618033473086;-0.5059242592658065;0.9992666827577084;3.40237138189662;3.0
0.0020076848070642766;14.624497906378412;0.9897228661466845;711.9377061708519;0.3803360018979962;273.11234461815474;2833.12632677703;7.360276854044372;9.91116918836693;0.0008332275865170929;2.9722311752161095;-0.44506178240375566;0.9980868656386898;3.520172122310198;3.0
0.0018948556964389657;14.395978317668124;0.9923398243920072;940.0782348041366;0.38485247634107345;295.50778002508036;3745.9169608988886;7.385276590943582;9.929447827647536;0.0008257268348197097;2.9596475705502847;-0.4485602027219139;0.9982363894562953;3.5072088359321056;3.0
0.003186362949229036;11.823671350876007;0.9925703180166083;795.668561113961;0.43338271997912564;300.5352926422654;3170.850573104937;7.140566132013137;9.433209606597504;0.0009675240872053668;2.7728209936523895;-0.46717601251497853;0.9982239812656446;3.6409408067669764;3.0
0.0020528344953832673;9.087713780356271;0.9942508949421784;790.9985657814505;0.43190723912991646;295.4523502379134;3154.906549345411;7.411851063094268;9.672120117613893;0.0009546692170360369;2.6957142499676032;-0.4953452926006914;0.999021278764381;3.263290685061763;3.0
0.0028076290771764665;6.954563912158023;0.9934787063219572;533.5915018250153;0.46580456862040764;332.59152958131574;2127.4114433879404;7.106086942132419;9.2032572850608;0.0010555510451110645;2.48854292688463;-0.49536402134545354;0.9987029554553215;2.9908528858478465;3.0
0.002482333597933749;4.7807693829592575;0.9964805867722674;679.2896168075185;0.4815618015724602;298.41790565772834;2712.3776978471687;7.344498219814579;9.310424181704919;0.0011642576946826718;2.3286072891839815;-0.5346086191979877;0.9993761242977295;2.942818300978164;3.0
0.0025267376305477085;9.189810293830607;0.9909460443218261;507.8566687493267;0.42923724707579075;318.58521515547346;2022.2368647034818;7.0591180912205225;9.336958185786294;0.0009709215098695027;2.6659128280199433;-0.46142318023466916;0.997949022755208;3.2208862352241345;3.0
0.0019431811402539484;11.981398718986256;0.9934663249817682;917.0161865722512;0.4221573699159785;307.421123703283;3656.0833475700565;7.41863615906874;9.784420731283149;0.0009151700485026593;2.775753293804497;-0.4781740242716942;0.9988124508728589;3.4478037670954196;3.0
0.0020730538654057766;7.330808909273359;0.9962314866558468;972.7470611347971;0.4586357848155554;330.10283962922813;3883.657435629939;7.5172581825544595;9.690637071091052;0.0010220977950618421;2.5371458685061263;-0.5163577223768682;0.9993419643019402;3.095047922828044;3.0
0.0017193906986227988;10.186299748767583;0.9947796974231158;976.080555342799;0.43651333785536217;309.1639408497258;3894.1359216224446;7.6091444567192585;9.949197826153398;0.0009189204144129481;2.72367429011487;-0.49814276460664986;0.9992427002018802;3.073300076472444;3.0
0.001946754532284069;7.811133023245706;0.9948598583363029;759.8837986258095;0.42434045063654957;299.60547392441146;3031.724061480025;7.4407972492802665;9.712674666168816;0.0009600603552047058;2.6197082774441656;-0.494344752696907;0.9990452984292119;3.2090204607920874;3.0
0.0020894286858675307;12.343379568598289;0.9892343927295576;573.529571775256;0.39399592558841584;329.97585008237274;2281.7749075324646;7.153369411914098;9.651987671839887;0.000839494296334344;2.848465480304485;-0.4344093783472569;0.9973918255747615;3.3830523806598047;3.0
0.0017647432480331062;10.320460536136954;0.9908827229653475;566.4308957338835;0.40398061606830526;310.8585612706892;2255.403122399399;7.369814917853041;9.831922161410851;0.0008749561553602102;2.7827151173048095;-0.459353693648742;0.9984016967640584;3.11688813847201;3.0
0.001981055007749875;6.620628464991759;0.9957285184209128;775.6262189327399;0.4430534244546147;309.53252102140607;3095.884247265956;7.469346124268526;9.653335694594446;0.000983979655705894;2.538955418078835;-0.5104324180856954;0.999248205705713;2.981102547916514;3.0
0.002178041560675011;12.591073983980827;0.9944949969309438;1143.8102791358779;0.4082796935375028;302.0773488757218;4562.650042559526;7.3480043609048575;9.750745900290525;0.0008878660498158813;2.8258740603670303;-0.46733260107976304;0.9985451347701179;3.6431746775391947;3.0
0.0032391424011714715;8.81857328083278;0.9969234997277747;1433.522443208567;0.4272815517996815;306.7244260673647;5725.271199553441;7.372557267940215;9.583375008734997;0.0009012601085086104;2.7153307739956385;-0.5022267748572001;0.9990977611449106;3.2984204809508126;3.0
0.002056059838926244;4.255820519897206;0.9967568676498606;656.4342781731139;0.4869459881908701;297.5501379919384;2621.481292172568;7.500752655925257;9.445774697534148;0.0012091888257324637;2.2665850970564603;-0.5485184585067704;0.9995564749658171;2.6897920855007817;3.0
0.0018632625024824385;13.860319767087168;0.9896027876940098;666.7914714605286;0.3779954145672429;302.1176877819177;2653.3055660750506;7.266090941981145;9.843783038275536;0.0008301712672416526;2.9511723079505883;-0.433017750263047;0.9975973196131189;3.5699721522095706;3.0
0.0030982678781194062;10.424676951347458;0.9936773268817918;824.6454932145052;0.4261817876134506;287.6007854445066;3288.1572959067016;7.117252017582853;9.380980661783543;0.0009667364905837242;2.730188020021617;-0.469640823774464;0.9982437994052209;3.6266571667032563;3.0
0.002501064917292003;8.925871057016238;0.9920543648483133;562.2298731548399;0.43346949686754377;318.65731459744353;2239.99362156228;7.1252145160419795;9.415782561266708;0.0009601044463635569;2.650309184882894;-0.46610516131675006;0.998178309437982;3.1414536340088155;3.0
0.001690280588910402;10.873804274184772;0.9930807226713186;786.2190410818603;0.41612493846045;299.70624188277554;3134.002360053277;7.539225704463608;9.958015664217017;0.0008846399900678003;2.7765154296716927;-0.48003056063430205;0.9989509122430906;3.174552407173487;3.0
0.001777703965006412;11.58061010126217;0.9916841620731767;696.8528517279901;0.4081397395474977;294.04264174263983;2775.830796810711;7.425396259552925;9.86325655664973;0.0008839523704651179;2.790858067305021;-0.46770070628787613;0.9986337060703883;3.1247465960485314;3.0
0.0019698704481309563;11.330397830303738;0.9926536659203138;771.4702445367866;0.4095243314723129;295.894109121475;3074.55058031682;7.392749033180523;9.802184595088669;0.0009027859695249705;2.7904392969260545;-0.4694030523259382;0.9986122198782456;3.4282744711551945;3.0
0.0028217801830721072;6.866262815746153;0.9934677901881019;525.7785446614644;0.4602480381344223;321.9284734553019;2096.247915830114;7.095549037335215;9.22275451191981;0.001033291564285009;2.511343829946286;-0.49016925075580625;0.9986089904315528;2.8788953938213906;3.0
0.002061676254725542;7.07739438854383;0.9941113658886531;601.1953007464926;0.4335733820318999;295.7842369085336;2397.7038085974164;7.372454982291529;9.618335934927776;0.0009818190372731794;2.580850951999904;-0.49315911102766824;0.9989616554993427;3.028415664563831;3.0
0.0017356001753111609;11.805253669899088;0.9926507117309201;803.9816848893952;0.40102304839099484;292.53443427262687;3204.1214858877065;7.472556699581979;9.90804922244666;0.0008710182910755533;2.821797920804892;-0.4715377354464124;0.9987421579476147;3.3188018054432664;3.0
0.0018284169559941172;7.0399107245947965;0.9947170490279911;666.6605069184952;0.44586188800356047;315.98397076836886;2659.6021169493724;7.472219348620613;9.679403546888103;0.001001434705250482;2.552228027360865;-0.5068115797147144;0.9992227367134588;3.074447577162183;3.0
0.0015538124539141531;18.695011012227443;0.9907579198388672;1011.8283358416184;0.3678945600865757;283.99451895832226;4028.6183323542464;7.501881065376434;10.172559004305597;0.0007778066734183508;3.0877195247626474;-0.4382630861584801;0.9981640884647616;3.7966332564335072;3.0
0.0016086876623086443;10.323176978889286;0.9913374703070862;596.1771300297833;0.3950526282654115;302.6960933816065;2374.3853431402677;7.449847797382391;9.950528992721917;0.0008400210068672765;2.799532064383384;-0.4599195693976974;0.99853245012708;3.1782414102982255;3.0
0.002370145280678801;8.363467797503652;0.9926870705812572;572.0397207104579;0.4390371663746699;332.2612315551662;2279.7954150443766;7.192973137455226;9.448935088174586;0.0009554557974385601;2.6321793240510565;-0.4771339496650623;0.9985067542022155;3.213454505468603;3.0
0.0022940354151055283;4.160344478148756;0.9968862313892128;669.0112746540317;0.49574575387815134;285.30644249683144;2671.8847541379764;7.503944239802112;9.39358527717236;0.0011795250393025324;2.2563641182835954;-0.5580328021299186;0.999604027151662;2.7288404059877873;3.0
0.0016219739924787117;9.94557621217809;0.9925827322420617;670.6295040543064;0.37214430166893453;325.30495923849224;2672.572440005035;7.402236502649268;9.87532108406759;0.0007496749540804277;2.794525101788839;-0.46113997379485816;0.9984968151186655;3.2871349775680976;3.0
0.002092359491768396;13.227031046453874;0.9914762142214144;776.0357033143382;0.39184044281123936;291.17117885675606;3090.915782210908;7.299744468478931;9.790493450412349;0.000885087874908461;2.8844478705627163;-0.4484405440817127;0.9980544861645917;3.65818719144994;3.0
0.0037493816259342437;6.338351539888175;0.9950887467081692;645.2716212573923;0.48596624260427995;341.08242544947285;2574.748133489684;7.135187350299283;9.186854868867824;0.001058099886321383;2.4597107251985664;-0.5072710086444575;0.9989147867495947;3.0705260800017586;3.0
0.002016923605524957;15.298507118181595;0.9889992194997672;695.3971739722292;0.3859078526983566;320.3264014682875;2766.290188770756;7.188083901262319;9.76726952315356;0.0008205327460180974;2.9486436987570626;-0.42495295945458256;0.9971391148806625;3.522416187228576;3.0
0.001803615153830477;7.093755473047765;0.9939392229047912;585.4967112134855;0.4161965437504085;312.44765797796333;2334.89308938093;7.3683075453558455;9.637649710880691;0.0009460061557880952;2.5731422088140286;-0.48883362602428126;0.9989005108173085;3.0365164042453645;3.0
0.0019336476918070129;11.848129297694708;0.9893849496216528;558.6779476250267;0.39342772799874737;291.2241899752015;2222.8636612023874;7.2229351569944615;9.705306022975245;0.0008605035033673991;2.861638075904125;-0.44445125116614737;0.9978394099454527;3.276650685072626;3.0
0.0018614175640217924;7.835001352365322;0.9927658576262068;541.720115305151;0.4423655325051997;326.6227082783821;2159.0454598682554;7.3407800113082935;9.591282900588638;0.0009930108704604937;2.6038011595317494;-0.48910020382002767;0.9988832735257045;3.0814064769193243;3.0
0.0029726542078354233;7.51423358746043;0.9929256679072378;531.1822450633726;0.44550182954757495;326.73394071182923;2117.2147466660244;7.067954299846209;9.247624803195762;0.000994630305316619;2.596358588964859;-0.4791944436802415;0.9983672382613992;3.2977798457175496;3.0
0.0025616702422980005;6.729424959697014;0.9935080988109659;518.4077693325971;0.4462389687090823;318.0923928767345;2066.901652370656;7.143917596713704;9.3189411332188;0.0010349200693812114;2.5196269490116783;-0.48576871124203047;0.9985981245070304;3.1057469856427415;3.0
0.0018512456934210715;8.48795964659799;0.9926986216562761;581.2967044649486;0.43050790539322814;334.90206691950937;2316.6988582132217;7.3456741475777;9.597965041256032;0.0009636623731835117;2.6250951096245743;-0.4900052309632202;0.9989137798133925;3.0625438250413897;3.0
0.001440080698173767;9.264629772668703;0.9937887594486209;746.3267765031051;0.3984085893446201;300.53154482772925;2976.042476239767;7.563616497198489;9.981842140024936;0.0009034519560932496;2.7223805627150854;-0.48112600232526276;0.9989783449219743;3.1665286660122507;3.0
0.002076888042206246;9.883895926565987;0.9936132722907717;774.0869673772831;0.4151117665766056;304.82152531326915;3086.4639735825403;7.32757979494397;9.609005351499015;0.0009457229116632818;2.7337788868684014;-0.4853085090744412;0.9988063331222572;3.428604093269451;3.0
0.0030112973218641387;8.560158959523072;0.9884555186111748;370.7677941816519;0.4454350786664255;342.8310945937802;1474.511017767083;6.876044550872491;9.125735798845213;0.0009881839656789959;2.6378523075898617;-0.4497267058213651;0.9972165753579592;3.0801044949236305;3.0
0.0024285500631844085;9.861476364388515;0.9889859144013963;447.8800102042878;0.4328163316364294;296.9458858303737;1781.6585644527368;7.162057152410306;9.524667785185512;0.0009826774581360672;2.7034361103293487;-0.4575941486257754;0.9980324613667554;2.994264685702747;3.0
0.002164013913163682;8.099614781740131;0.992066181990731;510.4764756184577;0.46025875164769203;330.6944228935163;2033.8062876920958;7.3073740040984525;9.550090601634523;0.0010001130897178158;2.5648482672482444;-0.4876339081429959;0.998820305789508;2.918815888254021;3.0
0.004439442977811436;7.64998720591298;0.9902071788759437;390.9781563588349;0.47294156501550677;340.69422856879766;1556.2626382293893;6.724814048293208;8.83939533690993;0.0010232165127970461;2.546562201653879;-0.4601447453295764;0.9971658654743489;3.1021263749382078;3.0
0.0019047996022661395;12.592955514035225;0.9901940979523506;642.3066695526468;0.38304005282623965;299.24768966693193;2556.6337226965297;7.241654713771352;9.78547237400376;0.0008624879921068399;2.871706616278275;-0.4352161419152234;0.9975869585180971;3.4853017073231403;3.0
0.001848792294087092;10.602988073212117;0.9903946195960972;552.1962889733486;0.395647606088603;305.0124107662709;2198.1821678202323;7.236374618135118;9.704087556391299;0.0008654055669855853;2.7846506778257347;-0.4467632630192988;0.9979124557742596;3.1981868691019493;3.0
0.0017464212380996554;11.487815219796074;0.9911937581569414;652.4098461366666;0.39582486864835537;311.6812590870993;2598.1515693268702;7.3239924584162726;9.806868870434158;0.0008682557936046194;2.8258054828002575;-0.45207903406084304;0.998178755094542;3.369886021330348;3.0
0.0034993779008279232;10.666853150723394;0.9927517513338946;736.2443933096793;0.4217669001055027;301.1818208201936;2934.3107200879895;6.958909517556192;9.237672812367824;0.0009150008942987757;2.768467839760427;-0.4546098099891807;0.997606852350439;3.592875212163704;3.0
0.0024229159036899357;11.085702496685688;0.9923204272784045;721.7833002349926;0.42947516802354313;320.2913840335807;2876.047498443233;7.2305435744265845;9.566878503079815;0.0009147589262897822;2.7614216977666515;-0.4672793035353766;0.998345765625443;3.4519651603945607;3.0
0.0020637310602190867;8.565648712495644;0.9933127893267313;640.8016404370592;0.42128203231635;292.10478259668287;2554.640913035775;7.360570395754497;9.667455230223142;0.0009644201686474572;2.6622968789426658;-0.48251202249382785;0.9988172376161526;3.17669288525993;3.0
0.0021743584447326317;8.86533726306828;0.9935395616304867;686.5571874477755;0.41651631171324804;293.0290075219379;2737.363412528088;7.294203092557934;9.611485812093465;0.0009126878255537829;2.6982089741387183;-0.47665315558955135;0.9986110245832808;3.300545609177101;3.0
0.0017217700850767244;9.202519255127012;0.9937292918749285;734.1373974328471;0.4153434007385696;284.9465428590147;2927.3470704762804;7.517992763153049;9.856823593998278;0.0009516999849590145;2.7175284416726706;-0.48964715748558013;0.9990620075661664;3.3339289945335384;3.0
0.0017442665265645077;12.80504263598952;0.9918190921594922;783.2190342460299;0.3804707568503507;269.6777317175951;3120.071094348139;7.382436785048548;9.912247140816175;0.0008490378178228873;2.897389564224547;-0.4495423755164145;0.9982274454628441;3.438633901964106;3.0
0.002462404334023465;10.00862694162772;0.9939461157685681;827.1349445030228;0.4243540952199058;277.9479385484568;3298.531151070474;7.355398017029994;9.657804154682363;0.0009766462194360271;2.7200952729040933;-0.4835798194386517;0.9988277531304011;3.346853268565345;3.0
0.0017413596900488406;10.458773023041303;0.9927317264026877;719.9433326635835;0.4042760663266019;296.3536596559494;2869.3145576313036;7.448816204335624;9.86620941438794;0.0008906256622320772;2.7691351127667794;-0.47177407940478056;0.9987344809177835;3.248288756839723;3.0
0.001779784814843979;14.561837499831935;0.9886653964109163;643.0826219370174;0.3676293958319057;291.2416685118775;2557.7686502482247;7.268199721902303;9.897664567647011;0.0007754359226436613;2.9753624923061714;-0.4246950049764687;0.997313978720625;3.4408316097467555;3.0
0.001659150479668519;13.406138024287037;0.9925244928221204;897.3356158065008;0.392926456410453;296.4184259204385;3575.93632520171;7.453773853448776;9.962853397195543;0.0008566723175376571;2.884860327725575;-0.4587113408498627;0.9985141041874311;3.4606716125032406;3.0
0.0020233981676636196;12.190060065334585;0.9918952022471765;752.1893271389426;0.40845558263180054;313.96642917863596;2996.5672484904208;7.29655676273999;9.712122544959376;0.0008952439515793562;2.8233333833455627;-0.46015743533567416;0.9983196685314962;3.607306834821146;3.0
0.001933447567416352;14.137288991572687;0.9866558540934459;530.0232242870325;0.36721825548050024;282.6406839860766;2105.955608156568;7.142827159399326;9.751244980389266;0.0008064955792164441;2.964487059763141;-0.4158833944484605;0.9966902035660447;3.4236628557142073;3.0
0.0021931599623786348;13.010471492299686;0.9908531900479209;711.4762516544251;0.391769247383877;281.4842047686843;2832.8945351253715;7.205707046298702;9.685372855535519;0.0008613857486309255;2.8967261579303933;-0.4428952519560642;0.9977361790411978;3.5494829408971142;3.0
0.002067564257880298;9.183515602146022;0.9951685710830087;950.9606875661266;0.4361086016701934;286.8947966700937;3794.659234662362;7.460351244130548;9.718597338203555;0.0009741835773556879;2.6851911006405276;-0.4983949403742969;0.9991198472023414;3.4364602060292455;3.0
0.002143884526538984;7.451681192702413;0.990696913727108;400.89073133107286;0.4277277044288762;307.3481697151494;1596.1112441315745;7.208486291401315;9.500621613394618;0.0009747491594411886;2.5756268178198343;-0.47204156438117995;0.9983969585097238;2.8571070079617154;3.0
0.0029976447226338202;8.29993750310354;0.9925732171182777;558.912294966146;0.4454694798595972;327.99524939777535;2227.349242361437;6.993183348264598;9.192911249478664;0.0009911327195785457;2.589519508757747;-0.4690616326001714;0.9980105011430709;3.209611796681748;3.0
0.0020947773341745243;5.542090691758854;0.9948336819480406;536.5098353728226;0.4498086366298314;306.58906077022516;2140.4972507995044;7.34767292883541;9.421190018962179;0.001113077415215035;2.4173361547440146;-0.5187868543823246;0.9992375963751337;2.862396140605231;3.0
0.001502924535016984;11.982535857608763;0.9921516452101313;763.8780883638992;0.3907442326847087;306.1435003360282;3043.5298175980024;7.52005778418044;10.04227621686677;0.0008223888512510675;2.848482126107414;-0.4623373809002113;0.9986667040195303;3.192698608872327;3.0
0.0018366724262660747;8.559695071153477;0.9934837164876675;657.2008401004159;0.4193652685937792;303.7457339722201;2620.2436653305012;7.405697864614945;9.757895812789538;0.0009576512995093892;2.665596860650354;-0.4792948764573134;0.9988161909093551;3.0269893691533225;3.0
0.002117624186557826;12.333948068591901;0.991203072132457;701.0862215546395;0.40235107324663094;311.2552883638248;2792.010938149975;7.224980087066614;9.686032918263736;0.0008885563831981099;2.8296317211521123;-0.44751465877727076;0.9979048207075863;3.524243717998777;3.0
0.0032585107983655924;4.775444353774251;0.9949212177213932;470.4869322645254;0.4908818916928939;329.8212943873772;1877.172284704342;7.059917692685648;8.972551808207779;0.0011536754634323164;2.3166963441238213;-0.5213685177294488;0.9989895591397894;2.9684652337168527;3.0
0.0020912508353534147;7.538795708606997;0.9944265580234373;676.4259927466537;0.4491914653284672;329.3045598763215;2698.16517527806;7.348313957184;9.541640760963853;0.0009941894811545781;2.5584551484108284;-0.4997482640773311;0.999023221303093;3.001075769387823;3.0
0.00206196187434364;8.23921181482158;0.9932833932027113;613.749193347714;0.43017599361166614;287.7753992357012;2446.7575615760397;7.308537770858771;9.562970359666679;0.0010048273209208277;2.643442064433932;-0.4885182067972273;0.9988116308348397;3.1053694806721763;3.0
0.0020697036966016587;9.621446304269309;0.9923005027220863;625.0971029945786;0.40965577324349123;295.55985402580717;2490.76696567408;7.260811794649177;9.665607568938587;0.0009233146591443622;2.734862459570265;-0.4597257474338836;0.9982708290466487;3.1527695463542265;3.0
0.002919258653724202;8.133836047334436;0.9893863240473943;383.2084974661266;0.44212404124795607;354.004257291243;1524.700153817179;6.834752473018491;9.077191646578962;0.0009277696114130421;2.5978118001628916;-0.4471819834379313;0.9970065485511124;2.9377402579587493;3.0
0.002083030943369684;9.343717893480768;0.9921199756668062;592.9836390215769;0.44474441002051407;329.0274002002682;2362.5908381927766;7.275795000850878;9.575785038558173;0.0009322457647796508;2.6693825069669006;-0.47749730131261137;0.9985960626428938;2.9635653176399845;3.0
0.002603271716293326;9.620011762916844;0.9908216214354619;524.4143586123564;0.4192853993801308;297.80475049035874;2088.0374226864915;7.098072386342316;9.412882160615023;0.000924921696673818;2.704155830133206;-0.4606351692852313;0.997991803944916;3.1193826666023705;3.0
0.0024279429470523304;7.619367386845646;0.9935670141842443;592.3215086658129;0.4383700301049089;312.9026657509713;2361.6666672764004;7.166212810893137;9.372345882616944;0.0010323084570663028;2.5856873561355505;-0.4827287683794776;0.9985587693434443;3.265603604639753;3.0
0.001813769937210756;7.959127125285236;0.9941818072871695;684.354754870903;0.4418291790545143;306.05396966442595;2729.4598923583508;7.472727477544967;9.746972635381415;0.000991720513908867;2.6046612757336574;-0.4963488949462128;0.9991088162594912;2.925356650384513;3.0
0.002478950898740714;6.9368630072347095;0.9941342852047065;591.2549356928166;0.4482882359952591;320.6325261633109;2358.0828797640243;7.276210724643154;9.431705262377251;0.0008858543145705805;2.511448097915035;-0.4996144309708166;0.9989427775845112;3.0842625020865873;3.0
0.0018288379165820581;9.623349248141151;0.9920226729510175;603.6906339759098;0.40935362875659975;320.01896794954206;2405.1391866555423;7.361177588755082;9.722687150886596;0.0008714559512036518;2.7214673428194263;-0.47453389647159894;0.9986986181130162;3.0664339073859415;3.0
0.0026959165405317483;4.353419512923297;0.9959710151858029;540.5545550216657;0.48381310482730866;294.188057621754;2157.8648005737305;7.250601464934698;9.162250458792089;0.0012064355303564225;2.2754684901126305;-0.5358663727377051;0.999313630505622;2.8792302461203216;3.0
0.0025737607493110286;4.135714587031147;0.9959843170884846;515.3369730146751;0.48499453658673575;295.2683292064076;2057.212177471716;7.339070414820819;9.265759708333638;0.0012008635578111345;2.2477233864833;-0.5401093564562427;0.9994057239203505;2.6889116605117076;3.0
0.0026844282710045044;6.686505019482921;0.9960851224270797;854.0343373659471;0.4550284689214121;307.94156357268776;3409.4508444442545;7.335723784939575;9.45617587699968;0.0010010705112497634;2.531465509153162;-0.5103443149983541;0.9991482868123251;3.280965504109595;3.0
0.0018473748048371073;13.547568019950274;0.9923586744102837;886.7923701111877;0.4171380947280197;305.30256146851843;3533.6219124248128;7.501858166109525;9.961548314528846;0.0008446001485782669;2.8828669109196934;-0.47187348355135356;0.9988113145304531;3.308005500521288;3.0
0.0018303408548969251;9.921221532451703;0.9909527480065639;548.4211397532417;0.4131902962646601;299.01739861838485;2183.763337480512;7.308117028018202;9.726656950990666;0.0009301505507117427;2.7267914708187027;-0.46085828706846366;0.9983652697598884;3.0431621252646135;3.0
0.0024949979930175264;12.094306005082235;0.9917984598254111;737.2685350910979;0.40608806498711003;311.7320772209055;2936.9798343592993;7.125932336092565;9.533494272941248;0.0008271297255492408;2.8273940416814813;-0.447454625354629;0.9977397160461993;3.5718281828790004;3.0
0.0023769879764714346;7.656676823852122;0.9941765347544459;658.364341641548;0.44950007410477444;294.6645905524905;2625.800689742362;7.343961832888716;9.533152037130602;0.0009810350284335592;2.6006792771027145;-0.5017701035324743;0.9990532573456066;2.9841131649672907;3.0
0.00247726977847453;6.195337938274198;0.9957608660171;731.103777287045;0.45529868139033036;313.7587928419754;2918.2197712099223;7.325630568707065;9.395236112395523;0.0009332620778817168;2.4429355480670347;-0.5174719932850569;0.9992110253728862;2.99231716310499;3.0
0.0012993206854587213;12.503549867649262;0.9913868117149922;726.2016536523997;0.37339064513050424;314.65687527606667;2892.30306474194;7.561536551017186;10.176426831722223;0.0007526208996859647;2.90167848347133;-0.4516131538575291;0.9985283762915261;3.205404566115494;3.0
0.001971480099961445;6.096769320400647;0.9927666896476246;421.66154263266435;0.43045278167226464;323.8176555614197;1680.5494012102718;7.214957994344016;9.439824718482509;0.0010097611865829282;2.4815033472982053;-0.483484382651637;0.9986508429146574;2.9041728059762217;4.0
0.003125534623535496;4.137537250818816;0.9970329528879295;697.3827198668196;0.534917444490734;343.6286863245639;2785.3933422164846;7.329724375982824;9.105683154894088;0.001086974178357399;2.190995629473595;-0.5657803592004664;0.999573984491561;2.7367822601188307;4.0
0.00230185309068748;8.933201235127763;0.9959534334298193;1104.7091827243712;0.4409182569584405;310.4184086598952;4409.903529662326;7.41646995735605;9.65120573527261;0.000951768061258653;2.6541531902363835;-0.49822589878903734;0.9990808355522386;3.4973766270855076;4.0
0.0024128067388106836;8.021407123134413;0.9905785358197506;426.0112868209226;0.43336011892046084;332.8964684021946;1696.0237401605373;7.134124045569947;9.423058187222097;0.0008345390353054721;2.607391843674172;-0.4663522714901623;0.9981990567942967;2.9563229584971515;4.0
0.0023070689077205847;7.966609032262603;0.9931968291821847;585.830238685232;0.4199104306813861;339.2411664767211;2335.3543457086744;7.224893940895152;9.516810284987221;0.0008657089175267189;2.6201256804977415;-0.47412778911360387;0.9984989429964979;3.1476651805351787;4.0
0.0019218382432404507;13.37824953148361;0.9929950808882917;955.3004539427948;0.3937987950868057;315.215591880489;3807.823566239691;7.450862158308059;9.92382884523743;0.0008285313382137276;2.8970799072687017;-0.46582780855182376;0.9986653974509574;3.5625350199456096;4.0
0.002652639056684332;3.992696368270985;0.9963557167859692;548.039187500889;0.5104280014967599;319.3810096650022;2188.164053635308;7.310300099650249;9.185216452981448;0.0012007864245489439;2.2285329895931416;-0.5465280074970674;0.9994414354173744;2.68124400647305;4.0
0.0019042766918332872;6.676922297669528;0.9940790485282252;563.9818600783938;0.4521569548806178;299.9910274914505;2249.250518015888;7.375588989855787;9.600024704204447;0.0010020922624461859;2.508254937951031;-0.4967085065102014;0.999014639209697;2.76492386043897;4.0
0.0021223104883081405;4.9522835021510785;0.9959296571417035;608.5415333332967;0.47194262726511216;289.98602734933377;2429.2138498310487;7.387184547353147;9.420043536715518;0.0011576053541943884;2.354737308893873;-0.5271241941075026;0.9993396972284323;2.7910173643463585;4.0
0.00180143280738872;7.501256772005073;0.9932318622804259;554.1759101092648;0.42847182505060866;309.93531541949636;2209.202383665066;7.337546364861841;9.650943549940735;0.0009950998748121654;2.5968287003284787;-0.47981729185677624;0.9987360138024914;3.0173282799972303;4.0
0.002812339429928383;6.199057619075434;0.9910074352716833;344.7814037244816;0.46512896183433183;332.9833080666891;1372.9265572788245;6.983835155768249;9.129011109079045;0.0009850587311371057;2.4431269236058757;-0.476766566339265;0.9981755293603651;2.793574322270749;4.0
0.0035959931671927597;7.903541166831067;0.9953781999330578;856.0242132692892;0.4778947029286918;308.5567847943753;3416.193311910298;7.176224834462861;9.225021029958302;0.0009648443268825153;2.5246194044072734;-0.509908260154028;0.9989961295113784;3.06082344673698;4.0
0.003338833249982189;4.803853403710797;0.9945514737313742;441.040997936404;0.505154584866869;345.3501473199316;1759.3601383419082;6.967512122076775;8.899114320635796;0.001178785260472446;2.282558409479894;-0.5115218557228594;0.9987652462847534;2.7723441496007606;4.0
0.0025068462402800416;4.01932683713283;0.9959921805292946;501.5415569796651;0.5072937215687578;342.0314108409442;2002.1469010815745;7.261539673310226;9.111051027717973;0.0010819790525286824;2.1929166619612257;-0.5467152128500365;0.9994161052615366;2.618633873031271;4.0
0.00241300880582343;4.7818186539070675;0.9952929891734017;508.4149181990242;0.4919335036642792;293.27001617151575;2028.8778541421561;7.33344825408908;9.327328558638603;0.0011918828362283973;2.3201782766168977;-0.5290994361607372;0.9993093365538931;2.6790349787240846;4.0
0.0026964969072341242;5.38406436952432;0.9947538303285948;513.5340954420008;0.5141247759710966;325.914916666414;2048.7523173984846;7.26195934999472;9.248942260878533;0.0011458981438454792;2.3346099065306087;-0.5262596436900513;0.9992363742971135;2.636938957397809;4.0
0.003338513290633894;5.438780217449549;0.9956302752596572;622.3664856640298;0.5264867886462947;334.3099758574531;2484.027162438644;7.194534154620796;9.08750543593282;0.0012099193193579616;2.3028402755933834;-0.5366738778692076;0.9992864328045644;2.81254741699766;4.0
0.0021731963926580507;6.085177466318023;0.9950651684422679;616.678197405261;0.4765906036288812;306.1077884489008;2460.627612154749;7.339218815411451;9.44881643040023;0.0011092674374704316;2.4286306626116705;-0.5120622609972146;0.9991573335472208;2.6867809536153198;4.0
0.0029972816211215744;4.502187759600971;0.9966043616111973;663.1206346117706;0.5097128964894739;327.5810386162858;2647.980350687463;7.290386139831925;9.179569404341057;0.001124768670711923;2.271442997874778;-0.5436995963642108;0.9994171406840346;2.759202047325738;4.0
0.002340680217518258;6.084378565800913;0.9935169798396117;469.35617267915586;0.466903794529465;325.48866767500937;1871.3403121508381;7.236090445163079;9.388899978052226;0.0010422348724495143;2.452695864606333;-0.49713201975742555;0.9988788376169528;2.7673264085160802;4.0
